"original_taxa","original_ID","database_ID","simplified_taxa","accepted_taxa"
"Amaranthus powelii","vinedivers7","AT_VINEDIVERS","Amaranthus powelii","Amaranthus powellii"
"Anagallis arvensis","vinedivers10","AT_VINEDIVERS","Anagallis arvensis","Lysimachia arvensis"
"Anagallis foemina","vinedivers11","AT_VINEDIVERS","Anagallis foemina","Lysimachia foemina"
"Bromus madritensis","vinedivers32","AT_VINEDIVERS","Bromus madritensis","Anisantha diandra"
"Bromus inermis","vinedivers34","AT_VINEDIVERS","Bromus inermis","Bromopsis inermis"
"Bromus sterilis","vinedivers36","AT_VINEDIVERS","Bromus sterilis","Anisantha sterilis"
"Bromus tectorum","vinedivers37","AT_VINEDIVERS","Bromus tectorum","Anisantha tectorum"
"Cardaria draba","vinedivers45","AT_VINEDIVERS","Cardaria draba","Lepidium draba"
"Centaurea cyanus","vinedivers48","AT_VINEDIVERS","Centaurea cyanus","Cyanus segetum"
"Cerastium holosteoides","vinedivers55","AT_VINEDIVERS","Cerastium holosteoides","Cerastium fontanum subsp. vulgare"
"Chenopodiaceae","vinedivers58","AT_VINEDIVERS","Chenopodiaceae","Amaranthaceae"
"Consolida regalis","vinedivers64","AT_VINEDIVERS","Consolida regalis","Delphinium consolida"
"Conyza canadensis","vinedivers66","AT_VINEDIVERS","Conyza canadensis","Erigeron canadensis"
"Cornonilla varia","vinedivers67","AT_VINEDIVERS","Cornonilla varia","Coronilla varia"
"Crepis rhoeadifolia","vinedivers71","AT_VINEDIVERS","Crepis rhoeadifolia","Crepis foetida subsp. rhoeadifolia"
"Elymus repens","vinedivers82","AT_VINEDIVERS","Elymus repens","Elytrigia repens"
"Erophila verna","vinedivers90","AT_VINEDIVERS","Erophila verna","Draba verna"
"Festuca arundinacea","vinedivers99","AT_VINEDIVERS","Festuca arundinacea","Schedonorus arundinaceus"
"Festuca pratensis","vinedivers100","AT_VINEDIVERS","Festuca pratensis","Bromopsis erecta"
"Filago minima","vinedivers105","AT_VINEDIVERS","Filago minima","Logfia minima"
"Filago vulgaris","vinedivers106","AT_VINEDIVERS","Filago vulgaris","Filago germanica"
"Herniaria hirsuta subsp. cinerea","vinedivers127","AT_VINEDIVERS","Herniaria hirsuta cinerea","Herniaria cinerea"
"Hieracium pilosella","vinedivers129","AT_VINEDIVERS","Hieracium pilosella","Pilosella officinarum"
"Hordeum murinum subsp. leporinum","vinedivers133","AT_VINEDIVERS","Hordeum murinum leporinum","Hordeum murinum subsp. leporinum"
"Hordeum murinum subsp. murinum","vinedivers134","AT_VINEDIVERS","Hordeum murinum murinum","Hordeum murinum subsp. murinum"
"Leontodon autumnalis","vinedivers149","AT_VINEDIVERS","Leontodon autumnalis","Scorzoneroides autumnalis"
"Oreganum vulgare","vinedivers177","AT_VINEDIVERS","Oreganum vulgare","Origanum vulgare"
"Picris echioides","vinedivers185","AT_VINEDIVERS","Picris echioides","Helminthotheca echioides"
"Polygonum persicaria","vinedivers196","AT_VINEDIVERS","Polygonum persicaria","Persicaria maculosa"
"Sanguisorba minor","vinedivers217","AT_VINEDIVERS","Sanguisorba minor","Poterium sanguisorba"
"Sanguisorba minor subsp. verrucosa","vinedivers218","AT_VINEDIVERS","Sanguisorba minor verrucosa","Poterium verrucosum"
"Senecio jacobaea","vinedivers221","AT_VINEDIVERS","Senecio jacobaea","Jacobaea vulgaris"
"Setaria viridis","vinedivers224","AT_VINEDIVERS","Setaria viridis","Setaria italica subsp. viridis"
"Sheradia arvensis","vinedivers227","AT_VINEDIVERS","Sheradia arvensis","Sherardia arvensis"
"Silene alba","vinedivers228","AT_VINEDIVERS","Silene alba","Silene latifolia"
"Thlaspi perfoliatum","vinedivers242","AT_VINEDIVERS","Thlaspi perfoliatum","Microthlaspi perfoliatum"
"Tragopogon orientalis","vinedivers245","AT_VINEDIVERS","Tragopogon orientalis","Tragopogon pratensis subsp. orientalis"
"Valerianella carinata","vinedivers254","AT_VINEDIVERS","Valerianella carinata","Valerianella locusta"
"Vicia hirsuta","vinedivers267","AT_VINEDIVERS","Vicia hirsuta","Ervilia hirsuta"
"Acinos arvensis",NA,"AT_VIN_SECBIVIT","Acinos arvensis","Ziziphora acinos"
"Anchusa arvensis",NA,"AT_VIN_SECBIVIT","Anchusa arvensis","Lycopsis arvensis"
"Bromus benekenii",NA,"AT_VIN_SECBIVIT","Bromus benekenii","Bromopsis benekenii"
"Bromus erectus",NA,"AT_VIN_SECBIVIT","Bromus erectus","Bromopsis erecta"
"Bromus inermis",NA,"AT_VIN_SECBIVIT","Bromus inermis","Bromopsis inermis"
"Bromus ramosus",NA,"AT_VIN_SECBIVIT","Bromus ramosus","Brachypodium retusum"
"Bromus sterilis",NA,"AT_VIN_SECBIVIT","Bromus sterilis","Anisantha sterilis"
"Bromus tectorum",NA,"AT_VIN_SECBIVIT","Bromus tectorum","Anisantha tectorum"
"Centaurea cyanus",NA,"AT_VIN_SECBIVIT","Centaurea cyanus","Cyanus segetum"
"Chenopodium hybridum",NA,"AT_VIN_SECBIVIT","Chenopodium hybridum","Chenopodiastrum hybridum"
"Consolida regalis",NA,"AT_VIN_SECBIVIT","Consolida regalis","Delphinium consolida"
"Conyza canadensis",NA,"AT_VIN_SECBIVIT","Conyza canadensis","Erigeron canadensis"
"Elymus repens",NA,"AT_VIN_SECBIVIT","Elymus repens","Elytrigia repens"
"Festuca arundinacea",NA,"AT_VIN_SECBIVIT","Festuca arundinacea","Schedonorus arundinaceus"
"Filago vulgaris",NA,"AT_VIN_SECBIVIT","Filago vulgaris","Filago germanica"
"Melica transsilvanica",NA,"AT_VIN_SECBIVIT","Melica transsilvanica","Melica ciliata subsp. transsilvanica"
"Odontites verna",NA,"AT_VIN_SECBIVIT","Odontites verna","Odontites vernus"
"Ornithogalum boucheanum",NA,"AT_VIN_SECBIVIT","Ornithogalum boucheanum","Ornithogalum kochii subsp. monticola"
"Poa angustifolia",NA,"AT_VIN_SECBIVIT","Poa angustifolia","Poa palustris"
"Ranunculus ficaria",NA,"AT_VIN_SECBIVIT","Ranunculus ficaria","Ficaria ambigua"
"Sanguisorba minor",NA,"AT_VIN_SECBIVIT","Sanguisorba minor","Poterium sanguisorba"
"Setaria viridis",NA,"AT_VIN_SECBIVIT","Setaria viridis","Setaria italica subsp. viridis"
"Valerianella carinata",NA,"AT_VIN_SECBIVIT","Valerianella carinata","Valerianella locusta"
"Vicia hirsuta",NA,"AT_VIN_SECBIVIT","Vicia hirsuta","Ervilia hirsuta"
"Chaenorrhinum minus","CHNMI","FR_ABY","Chaenorrhinum minus","Chaenorhinum minus"
"Crepis vesicaria subsp. taraxacifolia","CVPVT","FR_ABY","Crepis vesicaria taraxacifolia","Crepis vesicaria subsp. taraxacifolia"
NA,"GRAC","FR_ABY",NA,NA
"Silene latifolia subsp. alba","MELAL","FR_ABY","Silene latifolia alba","Silene latifolia"
"Sanguisorba minor","SANMI","FR_ABY","Sanguisorba minor","Poterium sanguisorba"
NA,"XXXXX","FR_ABY",NA,NA
"Arrhenatherum elatius subsp. bulbosum","ARREB","FR_ANN_BIOVIGILANCE","Arrhenatherum elatius bulbosum","Arrhenatherum elatius subsp. bulbosum"
"Arrhenatherum elatius subsp. bulbosum","ARREB","FR_VIN_BIOVIGILANCE","Arrhenatherum elatius bulbosum","Arrhenatherum elatius subsp. bulbosum"
"Arrhenatherum elatius subsp. elatius",NA,"FR_ALL_LANGUEDOC","Arrhenatherum elatius elatius","Arrhenatherum elatius subsp. elatius"
"Avena sterilis subsp. ludoviciana",NA,"FR_VIN_SAVM","Avena sterilis ludoviciana","Avena sterilis subsp. ludoviciana"
"Beta vulgaris subsp. maritima",NA,"FR_VIN_SAVM","Beta vulgaris maritima","Beta vulgaris subsp. maritima"
"Clinopodium nepeta subsp. ascendens","CATSA","FR_VIN_BIOVIGILANCE","Clinopodium nepeta ascendens","Clinopodium nepeta subsp. ascendens"
"Coincya monensis subsp. cheiranthos","RYNCH","FR_ANN_BIOVIGILANCE","Coincya monensis cheiranthos","Coincya monensis subsp. cheiranthos"
"Crepis vesicaria subsp. taraxacifolia",NA,"FR_VIN_GIGNAC","Crepis vesicaria taraxacifolia","Crepis vesicaria subsp. taraxacifolia"
"Crepis vesicaria subsp. taraxacifolia",NA,"FR_VIN_HERAULT","Crepis vesicaria taraxacifolia","Crepis vesicaria subsp. taraxacifolia"
"Crepis vesicaria subsp. taraxacifolia",NA,"FR_ALL_LANGUEDOC","Crepis vesicaria taraxacifolia","Crepis vesicaria subsp. taraxacifolia"
"Crepis vesicaria subsp. taraxacifolia","CVPVT","FR_ANN_BIOVIGILANCE","Crepis vesicaria taraxacifolia","Crepis vesicaria subsp. taraxacifolia"
"Crepis vesicaria subsp. taraxacifolia","CVPVT","FR_VIN_BIOVIGILANCE","Crepis vesicaria taraxacifolia","Crepis vesicaria subsp. taraxacifolia"
"Crepis vesicaria subsp. taraxacifolia",NA,"FR_VIN_SAVM","Crepis vesicaria taraxacifolia","Crepis vesicaria subsp. taraxacifolia"
"Epilobium dodonaei subsp. fleischeri","EPIFL","FR_ANN_BARR","Epilobium dodonaei fleischeri","Chamaenerion fleischeri"
"Leontodon saxatilis subsp. saxatilis","LEBNT","FR_ANN_BIOVIGILANCE","Leontodon saxatilis saxatilis","Leontodon saxatilis subsp. saxatilis"
"Loncomelos narbonensis",NA,"FR_VIN_SAVM","Loncomelos narbonensis","Loncomelos narbonense"
"Loncomelos pyrenaicus","OTGPN","FR_ANN_BARR","Loncomelos pyrenaicus","Loncomelos pyrenaicum"
"Medicago sativa subsp. falcata","MEDFA","FR_ANN_BARR","Medicago sativa falcata","Medicago sativa subsp. falcata"
"Melilotus alba","MEUAL","FR_ANN_BIOVIGILANCE","Melilotus alba","Melilotus albus"
NA,NA,"FR_VIN_SAVM",NA,NA
"Ononis spinosa subsp. procurrens","ONORE","FR_ANN_BARR","Ononis spinosa procurrens","Ononis spinosa subsp. procurrens"
"Ononis spinosa subsp. procurrens","ONORE","FR_ANN_BIOVIGILANCE","Ononis spinosa procurrens","Ononis spinosa subsp. procurrens"
"Papaver argemone","PAPAR","FR_ANN_BARR","Papaver argemone","Roemeria argemone"
"Papaver argemone","PAPAR","FR_ANN_BIOVIGILANCE","Papaver argemone","Roemeria argemone"
"Papaver argemone",NA,"FR_VIN_SAVM","Papaver argemone","Roemeria argemone"
"Pastinaca sativa subsp. urens",NA,"FR_VIN_SAVM","Pastinaca sativa urens","Pastinaca sativa subsp. urens"
"Persicaria mitis","POLMT","FR_VIN_BIOVIGILANCE","Persicaria mitis","Persicaria dubia"
"Poa pratensis subsp. angustifolia","POAAG","FR_ANN_BARR","Poa pratensis angustifolia","Poa pratensis subsp. angustifolia"
"Setaria italica subsp. italica","SETIT","FR_ANN_BIOVIGILANCE","Setaria italica italica","Setaria italica subsp. italica"
"Setaria italica subsp. viridis","SETVI","FR_ANN_BARR","Setaria italica viridis","Setaria italica subsp. viridis"
"Setaria italica subsp. viridis","SETVI","FR_ANN_BIOVIGILANCE","Setaria italica viridis","Setaria italica subsp. viridis"
"Setaria italica subsp. viridis","SETVI","FR_ANN_FENAY_GFPHD","Setaria italica viridis","Setaria italica subsp. viridis"
"Setaria italica subsp. viridis","SETVI","FR_VIN_BIOVIGILANCE","Setaria italica viridis","Setaria italica subsp. viridis"
"Setaria italica subsp. viridis",NA,"FR_VIN_SAVM","Setaria italica viridis","Setaria italica subsp. viridis"
"Triticum turgidum subsp. durum","TRZDU","FR_ANN_BIOVIGILANCE","Triticum turgidum durum","Triticum turgidum subsp. durum"
"Xanthium orientale subsp. italicum",NA,"FR_VIN_GIGNAC","Xanthium orientale italicum","Xanthium orientale subsp. italicum"
"Xanthium orientale subsp. italicum",NA,"FR_ALL_LANGUEDOC","Xanthium orientale italicum","Xanthium orientale subsp. italicum"
"Xanthium orientale subsp. italicum",NA,"FR_VIN_SAVM","Xanthium orientale italicum","Xanthium orientale subsp. italicum"
"Xanthium orientale subsp. orientale",NA,"FR_VIN_SAVM","Xanthium orientale orientale","Xanthium orientale subsp. orientale"
"Xanthium strumarium subsp. italicum","XANSI","FR_ANN_BIOVIGILANCE","Xanthium strumarium italicum","Xanthium orientale subsp. italicum"
"Arrhenatherum elatius subsp. bulbosum","ARREB","FR_CASYS","Arrhenatherum elatius bulbosum","Arrhenatherum elatius subsp. bulbosum"
"Chaenorrhinum minus","CHNMI","FR_CASYS","Chaenorrhinum minus","Chaenorhinum minus"
"Crepis vesicaria subsp. taraxacifolia","CVPVT","FR_CASYS","Crepis vesicaria taraxacifolia","Crepis vesicaria subsp. taraxacifolia"
NA,"LOTCO","FR_CASYS",NA,NA
"Silene latifolia subsp. alba","MELAL","FR_CASYS","Silene latifolia alba","Silene latifolia"
NA,"SENVU","FR_CASYS",NA,NA
NA,"XXXXX","FR_CASYS",NA,NA
NA,NA,"FR_CASYS",NA,NA
"Aethusa cynapium subsp. cynapium L., 1753","130873","FR_CBN","Aethusa cynapium cynapium","Aethusa cynapium subsp. cynapium"
"Anchusa italica Retz., 1779","82380","FR_CBN","Anchusa italica","Anchusa azurea"
"Anthemis arvensis subsp. arvensis L., 1753","131419","FR_CBN","Anthemis arvensis arvensis","Anthemis arvensis subsp. arvensis"
"Arrhenatherum elatius subsp. bulbosum (Willd.) Schübl. & G.Martens, 1834","131692","FR_CBN","Arrhenatherum elatius bulbosum","Arrhenatherum elatius subsp. bulbosum"
"Avena sterilis subsp. ludoviciana (Durieu) M.Gillet & Magne, 1873","788978","FR_CBN","Avena sterilis ludoviciana","Avena sterilis subsp. ludoviciana"
"Bromus commutatus subsp. decipiens (Bomble & H.Scholz) H.Scholz, 2003","718214","FR_CBN","Bromus commutatus decipiens","Bromus commutatus subsp. decipiens"
"Camelina sativa var. pilosa DC.","613479","FR_CBN","Camelina sativa pilosa","Camelina sativa var. pilosa"
NA,NA,"FR_CBN",NA,NA
"Chaenorrhinum minus subsp. minus (L.) Lange, 1870","133183","FR_CBN","Chaenorrhinum minus minus","Chaenorhinum minus subsp. minus"
"Clinopodium acinos (L.) Kuntze, 1891","91898","FR_CBN","Clinopodium acinos","Ziziphora acinos"
"Delphinium orientale J.Gay, 1840","161239","FR_CBN","Delphinium orientale","Delphinium ajacis"
"Ervilia articulata (Hornem.) H.Schaef., Coulot & Rabaute, 2016","788870","FR_CBN","Ervilia articulata","Ervilia monanthos"
"Erysimum incanum subsp. aurigeranum (Jeanb. & Timb.-Lagr.) O.Bolòs & Vigo, 1990","134318","FR_CBN","Erysimum incanum aurigeranum","Erysimum incanum subsp. aurigeranum"
"Gypsophila muralis L., 1753","100677","FR_CBN","Gypsophila muralis","Psammophiliella muralis"
"Kickxia elatine subsp. elatine (L.) Dumort., 1827","136995","FR_CBN","Kickxia elatine elatine","Kickxia elatine"
"Lupinus angustifolius subsp. reticulatus (Desv.) Arcang., 1882","137478","FR_CBN","Lupinus angustifolius reticulatus","Lupinus angustifolius"
"Lysimachia arvensis subsp. arvensis (L.) U.Manns & Anderb., 2009","612638","FR_CBN","Lysimachia arvensis arvensis","Lysimachia arvensis"
"Montia arvensis Wallr., 1840","108780","FR_CBN","Montia arvensis","Montia fontana subsp. minor"
"Muscari botryoides subsp. lelievrei (Boreau) K.Richt., 1890","137892","FR_CBN","Muscari botryoides lelievrei","Muscari botryoides"
"Neslia paniculata subsp. thracica (Velen.) Bornm., 1894","138067","FR_CBN","Neslia paniculata thracica","Neslia paniculata subsp. thracica"
"Nigella hispanica var. hispanica L., 1753","718723","FR_CBN","Nigella hispanica hispanica","Nigella hispanica var. hispanica"
"Nigella hispanica var. intermedia Coss., 1849","718723","FR_CBN","Nigella hispanica intermedia","Nigella hispanica var. intermedia"
"Odontites jaubertianus var. chrysanthus (Boreau) Bolliger","718726","FR_CBN","Odontites jaubertianus chrysanthus","Odontites jaubertianus"
"Odontites luteus subsp. lanceolatus (Gaudin) P.Fourn., 1937","138126","FR_CBN","Odontites luteus lanceolatus","Odontites luteus subsp. lanceolatus"
"Odontites vernus subsp. vernus (Bellardi) Dumort., 1827","138137","FR_CBN","Odontites vernus vernus","Odontites vernus subsp. vernus"
"Ononis viscosa subsp. viscosa L., 1753","138215","FR_CBN","Ononis viscosa viscosa","Ononis viscosa subsp. viscosa"
"Papaver argemone L., 1753","112285","FR_CBN","Papaver argemone","Roemeria argemone"
"Papaver hybridum L., 1753","112319","FR_CBN","Papaver hybridum","Roemeria hispida"
"Physalis alkekengi L., 1753","113321","FR_CBN","Physalis alkekengi","Alkekengi officinarum"
"Pisum sativum var. arvense (L.) Poir., 1804","149514","FR_CBN","Pisum sativum arvense","Pisum sativum subsp. sativum"
"Raphanus raphanistrum subsp. raphanistrum L., 1753","139841","FR_CBN","Raphanus raphanistrum raphanistrum","Raphanus raphanistrum subsp. raphanistrum"
"Scleranthus annuus subsp. annuus L., 1753","140781","FR_CBN","Scleranthus annuus annuus","Scleranthus annuus subsp. annuus"
"Sonchus arvensis subsp. uliginosus (M.Bieb.) Nyman, 1879","141303","FR_CBN","Sonchus arvensis uliginosus","Sonchus arvensis subsp. uliginosus"
"Spergula segetalis (L.) Vill., 1789","124534","FR_CBN","Spergula segetalis","Spergularia segetalis"
"Tulipa sylvestris subsp. sylvestris L., 1753","142006","FR_CBN","Tulipa sylvestris sylvestris","Tulipa sylvestris subsp. sylvestris"
"Vaccaria hispanica (Mill.) Rauschert, 1965","128330","FR_CBN","Vaccaria hispanica","Gypsophila vaccaria"
"Vaccaria hispanica var. hispanica (Mill.) Rauschert, 1965","152321","FR_CBN","Vaccaria hispanica hispanica","Gypsophila vaccaria"
"Vicia pannonica var. purpurascens (DC.) Ser., 1825","152461","FR_CBN","Vicia pannonica purpurascens","Vicia pannonica"
"Viola tricolor subsp. tricolor L., 1753","142433","FR_CBN","Viola tricolor tricolor","Viola tricolor subsp. tricolor"
"Cota tinctoria subsp. australis","ANTTI","FR_ANN_DEEPIMPACT","Cota tinctoria australis","Cota tinctoria"
"Arrhenatherum elatius subsp. bulbosum","ARREB","FR_ANN_DEEPIMPACT","Arrhenatherum elatius bulbosum","Arrhenatherum elatius subsp. bulbosum"
"Lens culinaris","LENCU","FR_ANN_DEEPIMPACT","Lens culinaris","Vicia lens"
"Lathyrus sativa","LTHSA","FR_ANN_DEEPIMPACT","Lathyrus sativa","Lathyrus sativus"
"Trigonella alba","MEUAL","FR_ANN_DEEPIMPACT","Trigonella alba","Melilotus albus"
"Trigonella altissima","MEUOF","FR_ANN_DEEPIMPACT","Trigonella altissima","Melilotus altissimus"
"Pisum sativum var. sativum","PIBSX","FR_ANN_DEEPIMPACT","Pisum sativum sativum","Pisum sativum subsp. sativum"
"Setaria italica subsp. viridis","SETVI","FR_ANN_DEEPIMPACT","Setaria italica viridis","Setaria italica subsp. viridis"
"Stellaria holostea","STEHO","FR_ANN_DEEPIMPACT","Stellaria holostea","Rabelera holostea"
"Arrhenatherum elatius subsp. bulbosum",NA,"FR_SUN_ENIVTH","Arrhenatherum elatius bulbosum","Arrhenatherum elatius subsp. bulbosum"
"Cerastium fontanum subsp. vulgare",NA,"FR_SUN_ENIVTH","Cerastium fontanum vulgare","Cerastium fontanum subsp. vulgare"
"Chaenorrhinum minus",NA,"FR_SUN_ENIVTH","Chaenorrhinum minus","Chaenorhinum minus"
"Crepis vesicaria subsp. taraxacifolia",NA,"FR_SUN_ENIVTH","Crepis vesicaria taraxacifolia","Crepis vesicaria subsp. taraxacifolia"
"Loncomelos pyrenaicus",NA,"FR_SUN_ENIVTH","Loncomelos pyrenaicus","Loncomelos pyrenaicum"
"Medicago falcata",NA,"FR_SUN_ENIVTH","Medicago falcata","Medicago sativa subsp. falcata"
"Oxalis fontana",NA,"FR_SUN_ENIVTH","Oxalis fontana","Oxalis stricta"
"Pisum sativum var. sativum",NA,"FR_SUN_ENIVTH","Pisum sativum sativum","Pisum sativum subsp. sativum"
"Polygonum amphibium",NA,"FR_SUN_ENIVTH","Polygonum amphibium","Persicaria amphibia"
"Polygonum persicaria",NA,"FR_SUN_ENIVTH","Polygonum persicaria","Persicaria maculosa"
"Rumex thyrsiflorus",NA,"FR_SUN_ENIVTH","Rumex thyrsiflorus","Rumex thyrsiflorus"
"Setaria viridis",NA,"FR_SUN_ENIVTH","Setaria viridis","Setaria italica subsp. viridis"
"Stellaria holostea",NA,"FR_SUN_ENIVTH","Stellaria holostea","Rabelera holostea"
"Trigonella officinalis",NA,"FR_SUN_ENIVTH","Trigonella officinalis","Melilotus officinalis"
"Viola reichenbachiana",NA,"FR_SUN_ENIVTH","Viola reichenbachiana","Viola reichenbachiana"
"Elymus repens","AGRRE","FR_ANN_FENAY_GFPHD","Elymus repens","Elytrigia repens"
"Calystegia sepium","CAGSE","FR_ANN_FENAY_GFPHD","Calystegia sepium","Convolvulus sepium"
"Centaurea cyanus","CENCY","FR_ANN_FENAY_GFPHD","Centaurea cyanus","Cyanus segetum"
"Consolida regalis","CNSRE","FR_ANN_FENAY_GFPHD","Consolida regalis","Delphinium consolida"
"Silene latifolia subsp. alba","MELAL","FR_ANN_FENAY_GFPHD","Silene latifolia alba","Silene latifolia"
"Potentilla anserina","PTLAN","FR_ANN_FENAY_GFPHD","Potentilla anserina","Argentina anserina"
"Setaria viridis","SETVI","FR_ANN_FENAY_GFPHD","Setaria viridis","Setaria italica subsp. viridis"
"Avenula bromoides","flavi40","FR_VIN_FLAVI","Avenula bromoides","Helictochloa bromoides"
"Beta maritima","flavi43","FR_VIN_FLAVI","Beta maritima","Beta vulgaris subsp. maritima"
"Calamintha sylvatica","flavi56","FR_VIN_FLAVI","Calamintha sylvatica","Clinopodium nepeta subsp. sylvaticum"
"Crepis taraxacifolia","flavi102","FR_VIN_FLAVI","Crepis taraxacifolia","Crepis vesicaria subsp. taraxacifolia"
"Epibolium angustifolium","flavi119","FR_VIN_FLAVI","Epibolium angustifolium","Chamaenerion angustifolium"
"Festuca ambigua","flavi138","FR_VIN_FLAVI","Festuca ambigua","Festuca amethystina"
"Festuca arundinacea","flavi139","FR_VIN_FLAVI","Festuca arundinacea","Schedonorus arundinaceus"
"Fumaria tenuifolia","flavi149","FR_VIN_FLAVI","Fumaria tenuifolia","Fumaria parviflora"
"Linum bienne","flavi197","FR_VIN_FLAVI","Linum bienne","Linum usitatissimum subsp. angustifolium"
"Medicago falcata","flavi213","FR_VIN_FLAVI","Medicago falcata","Medicago sativa subsp. falcata"
"Minuartia hybrida","flavi232","FR_VIN_FLAVI","Minuartia hybrida","Sabulina tenuifolia"
"Petrorhargia prolifera","flavi250","FR_VIN_FLAVI","Petrorhargia prolifera","Petrorhagia prolifera"
"Poa latifolia","flavi265","FR_VIN_FLAVI","Poa latifolia","Poa chaixii"
"Podospermum picroides","flavi270","FR_VIN_FLAVI","Podospermum picroides","Urospermum picroides"
"Rosmarinus officinalis","flavi291","FR_VIN_FLAVI","Rosmarinus officinalis","Salvia rosmarinus"
"Scabiosa maritima","flavi303","FR_VIN_FLAVI","Scabiosa maritima","Scabiosa atropurpurea"
"Setaria viridis","flavi310","FR_VIN_FLAVI","Setaria viridis","Setaria italica subsp. viridis"
"Trigonella officinalis","flavi360","FR_VIN_FLAVI","Trigonella officinalis","Melilotus officinalis"
"Trigonella wojciechowskii","flavi362","FR_VIN_FLAVI","Trigonella wojciechowskii","Melilotus spicatus"
"Tyrmnus leucographus","flavi365","FR_VIN_FLAVI","Tyrmnus leucographus","Tyrimnus leucographus"
"Vicia ciliata","flavi381","FR_VIN_FLAVI","Vicia ciliata","Vicia"
"Crepis vesicaria subsp. taraxacifolia","CVPVT","FR_SECBIVIT","Crepis vesicaria taraxacifolia","Crepis vesicaria subsp. taraxacifolia"
"Festuca pratensis","FESPR","FR_SECBIVIT","Festuca pratensis","Bromopsis erecta"
"Gnaphalium americanum","GNAAM","FR_SECBIVIT","Gnaphalium americanum","Anaphalis margaritacea"
"Linum usitatissimum subsp. angustifolium","LIUUT","FR_SECBIVIT","Linum usitatissimum angustifolium","Linum usitatissimum subsp. angustifolium"
"Matricaria perforata","MATIN","FR_SECBIVIT","Matricaria perforata","Tripleurospermum inodorum"
"Montia arvensis","MNTFC","FR_SECBIVIT","Montia arvensis","Montia fontana subsp. minor"
"Picris echioides","PICEC","FR_SECBIVIT","Picris echioides","Helminthotheca echioides"
"Ranunculus ficaria","FICVE","FR_SECBIVIT","Ranunculus ficaria","Ficaria ambigua"
"Senecio jacobaea","SENJA","FR_SECBIVIT","Senecio jacobaea","Jacobaea vulgaris"
"Setaria italica subsp. viridis","SETIT","FR_SECBIVIT","Setaria italica viridis","Setaria italica subsp. viridis"
"Vicia hirsuta","VICHI","FR_SECBIVIT","Vicia hirsuta","Ervilia hirsuta"
"Bromus diandrus",NA,"FR_OLI_GENTY","Bromus diandrus","Anisantha diandra"
"Bromus erectus",NA,"FR_OLI_GENTY","Bromus erectus","Bromopsis erecta"
"Bromus madritensis",NA,"FR_OLI_GENTY","Bromus madritensis","Anisantha diandra"
"Bromus sterilis",NA,"FR_OLI_GENTY","Bromus sterilis","Anisantha sterilis"
"Conyza canadensis",NA,"FR_OLI_GENTY","Conyza canadensis","Erigeron canadensis"
"Conyza sumatrensis",NA,"FR_OLI_GENTY","Conyza sumatrensis","Erigeron sumatrensis"
"Ranunculus ficaria",NA,"FR_OLI_GENTY","Ranunculus ficaria","Ficaria ambigua"
"Sanguisorba minor",NA,"FR_OLI_GENTY","Sanguisorba minor","Poterium sanguisorba"
"Sedum sediforme",NA,"FR_OLI_GENTY","Sedum sediforme","Petrosedum sediforme"
"Trigonella wojciechowskii",NA,"FR_OLI_GENTY","Trigonella wojciechowskii","Melilotus spicatus"
"Vicia hirsuta",NA,"FR_OLI_GENTY","Vicia hirsuta","Ervilia hirsuta"
"Viola kaitaibeliana",NA,"FR_OLI_GENTY","Viola kaitaibeliana","Viola kitaibeliana"
"Cerastium vulgare",NA,"FR_VINE_BDX","Cerastium vulgare","Cerastium fontanum subsp. vulgare"
"Crepis vesicaria subsp taraxacifolia",NA,"FR_VINE_BDX","Crepis vesicaria taraxacifolia","Crepis vesicaria subsp. taraxacifolia"
"Filago vulgaris",NA,"FR_VINE_BDX","Filago vulgaris","Filago germanica"
"Gnaphalium antillanum",NA,"FR_VINE_BDX","Gnaphalium antillanum","Gamochaeta antillana"
"Linum usitatissimum subsp angustifolium",NA,"FR_VINE_BDX","Linum usitatissimum angustifolium","Linum usitatissimum subsp. angustifolium"
"Matricaria perforata",NA,"FR_VINE_BDX","Matricaria perforata","Tripleurospermum inodorum"
"Oxalis fontana",NA,"FR_VINE_BDX","Oxalis fontana","Oxalis stricta"
"Paspalum dilatum",NA,"FR_VINE_BDX","Paspalum dilatum","Paspalum dilatatum"
"Pastinaca sativa subsp urens",NA,"FR_VINE_BDX","Pastinaca sativa urens","Pastinaca sativa subsp. urens"
"Picris echioides",NA,"FR_VINE_BDX","Picris echioides","Helminthotheca echioides"
"Ranunculus ficaria",NA,"FR_VINE_BDX","Ranunculus ficaria","Ficaria ambigua"
"Setaria italica subsp viridis",NA,"FR_VINE_BDX","Setaria italica viridis","Setaria italica subsp. viridis"
"Silena gallica",NA,"FR_VINE_BDX","Silena gallica","Silene gallica"
"Sporobulus",NA,"FR_VINE_BDX","Sporobulus","Sporobolus"
"Trifolium campestris",NA,"FR_VINE_BDX","Trifolium campestris","Trifolium campestre"
"Urtica dioïca",NA,"FR_VINE_BDX","Urtica dioïca","Urtica dioica"
"Vicia fabia sp.",NA,"FR_VINE_BDX","Vicia fabia","Vicia faba"
"Vicia hirsuta",NA,"FR_VINE_BDX","Vicia hirsuta","Ervilia hirsuta"
"Cerastium vulgare","CERFO","FR_VINE_CA33","Cerastium vulgare","Cerastium fontanum subsp. vulgare"
"Chrysanthemum segetum","CHYSE","FR_VINE_CA33","Chrysanthemum segetum","Glebionis segetum"
"Coronopus didymus","COPDI","FR_VINE_CA33","Coronopus didymus","Lepidium didymum"
"Crepis vesicaria subsp taraxacifolia","CVPVT","FR_VINE_CA33","Crepis vesicaria taraxacifolia","Crepis vesicaria subsp. taraxacifolia"
"Cruciata laevipes opiz","ERXCA","FR_VINE_CA33","Cruciata laevipes opiz","Cruciata laevipes"
"Festuca pratensis","FESPR","FR_VINE_CA33","Festuca pratensis","Bromopsis erecta"
"Ranunculus ficaria","FICVE","FR_VINE_CA33","Ranunculus ficaria","Ficaria ambigua"
"Gagea arvensis","GGAAR","FR_VINE_CA33","Gagea arvensis","Gagea minima"
"Gnaphalium antillanum","GNAAN","FR_VINE_CA33","Gnaphalium antillanum","Gamochaeta antillana"
"Hypochoeris radicata","HRYRA","FR_VINE_CA33","Hypochoeris radicata","Hypochaeris radicata"
"Matricaria perforata","MATIN","FR_VINE_CA33","Matricaria perforata","Tripleurospermum inodorum"
"Oxalis fontana","OXAEU","FR_VINE_CA33","Oxalis fontana","Oxalis stricta"
"Picris echioides","PICEC","FR_VINE_CA33","Picris echioides","Helminthotheca echioides"
"Senecio jacobaea","SENJA","FR_VINE_CA33","Senecio jacobaea","Jacobaea vulgaris"
"Setaria italica subsp viridis","SETVI","FR_VINE_CA33","Setaria italica viridis","Setaria italica subsp. viridis"
"Silena gallica","SILGA","FR_VINE_CA33","Silena gallica","Silene gallica"
"Sporobulus","SPZSS","FR_VINE_CA33","Sporobulus","Sporobolus"
"Trifolium campestris","TRFCA","FR_VINE_CA33","Trifolium campestris","Trifolium campestre"
"Urtica dioïca","URTDI","FR_VINE_CA33","Urtica dioïca","Urtica dioica"
"Vicia hirsuta","VICHI","FR_VINE_CA33","Vicia hirsuta","Ervilia hirsuta"
"Conyza canadensis",NA,"DE_VIN_SECBIVIT","Conyza canadensis","Erigeron canadensis"
"Valerianella carinata",NA,"DE_VIN_SECBIVIT","Valerianella carinata","Valerianella locusta"
"Vicia hirsuta",NA,"DE_VIN_SECBIVIT","Vicia hirsuta","Ervilia hirsuta"
"Bromus sterilis",NA,"DE_VIN_SECBIVIT","Bromus sterilis","Anisantha sterilis"
"Elymus repens",NA,"DE_VIN_SECBIVIT","Elymus repens","Elytrigia repens"
"Festuca arundinacea",NA,"DE_VIN_SECBIVIT","Festuca arundinacea","Schedonorus arundinaceus"
"Festuca myuros",NA,"DE_VIN_SECBIVIT","Festuca myuros","Vulpia alopecuros"
"Sanguisorba minor",NA,"DE_VIN_SECBIVIT","Sanguisorba minor","Poterium sanguisorba"
"Anagallis arvensis",NA,"RO_VIN_SECBIVIT","Anagallis arvensis","Lysimachia arvensis"
"Bromus tectorum",NA,"RO_VIN_SECBIVIT","Bromus tectorum","Anisantha tectorum"
"Bromus inermis",NA,"RO_VIN_SECBIVIT","Bromus inermis","Bromopsis inermis"
"Bromus squarossus",NA,"RO_VIN_SECBIVIT","Bromus squarossus","Bromus squarrosus"
"Cardaria draba",NA,"RO_VIN_SECBIVIT","Cardaria draba","Lepidium draba"
"Cerastium holosteoides",NA,"RO_VIN_SECBIVIT","Cerastium holosteoides","Cerastium fontanum subsp. vulgare"
"Cirsium erisitales",NA,"RO_VIN_SECBIVIT","Cirsium erisitales","Cirsium erisithales"
"Consolida regalis",NA,"RO_VIN_SECBIVIT","Consolida regalis","Delphinium consolida"
"Crategus monogyna",NA,"RO_VIN_SECBIVIT","Crategus monogyna","Crataegus monogyna"
"Crepis bienis",NA,"RO_VIN_SECBIVIT","Crepis bienis","Crepis biennis"
"Cynoglosum officinale",NA,"RO_VIN_SECBIVIT","Cynoglosum officinale","Cynoglossum officinale"
"Doricnium pethapillum",NA,"RO_VIN_SECBIVIT","Doricnium pethapillum","Lotus dorycnium"
"Elymus elongatus",NA,"RO_VIN_SECBIVIT","Elymus elongatus","Elytrigia elongata"
"Elymus repens",NA,"RO_VIN_SECBIVIT","Elymus repens","Elytrigia repens"
"Festuca pratensis",NA,"RO_VIN_SECBIVIT","Festuca pratensis","Bromopsis erecta"
"Geranium pheum",NA,"RO_VIN_SECBIVIT","Geranium pheum","Geranium phaeum"
"Hieracium aurantiacum",NA,"RO_VIN_SECBIVIT","Hieracium aurantiacum","Pilosella aurantiaca"
"Hieracium cymosum",NA,"RO_VIN_SECBIVIT","Hieracium cymosum","Pilosella cymosa"
"Hieracium pilosella",NA,"RO_VIN_SECBIVIT","Hieracium pilosella","Pilosella officinarum"
"Juncus effusum",NA,"RO_VIN_SECBIVIT","Juncus effusum","Juncus effusus"
"Leontodon autumnalis",NA,"RO_VIN_SECBIVIT","Leontodon autumnalis","Scorzoneroides autumnalis"
"Matricaria recutita",NA,"RO_VIN_SECBIVIT","Matricaria recutita","Matricaria chamomilla"
"Medicago falcata",NA,"RO_VIN_SECBIVIT","Medicago falcata","Medicago sativa subsp. falcata"
"Myosotis palustris",NA,"RO_VIN_SECBIVIT","Myosotis palustris","Myosotis scorpioides"
"Picris angustifolia",NA,"RO_VIN_SECBIVIT","Picris angustifolia","Iris sibirica"
"Portulaca oleraceae",NA,"RO_VIN_SECBIVIT","Portulaca oleraceae","Portulaca oleracea"
"Prunella alba",NA,"RO_VIN_SECBIVIT","Prunella alba","Prunella laciniata"
"Scirpus silvaticus",NA,"RO_VIN_SECBIVIT","Scirpus silvaticus","Scirpus sylvaticus"
"Senecio jacobea",NA,"RO_VIN_SECBIVIT","Senecio jacobea","Jacobaea vulgaris"
"Setaria glauca",NA,"RO_VIN_SECBIVIT","Setaria glauca","Cenchrus americanus"
"Stachys officinalis",NA,"RO_VIN_SECBIVIT","Stachys officinalis","Betonica officinalis"
"Stellaria holostea",NA,"RO_VIN_SECBIVIT","Stellaria holostea","Rabelera holostea"
"Thlapsi arvense",NA,"RO_VIN_SECBIVIT","Thlapsi arvense","Thlaspi arvense"
"Alkanna tinctoria","35","EU_HMETCALF","Alkanna tinctoria","Alkanna matthioli"
"Anagallis","76","EU_HMETCALF","Anagallis","Lysimachia"
"Anagallis arvensis var. caerulea","77","EU_HMETCALF","Anagallis arvensis caerulea","Lysimachia arvensis"
"Anagallis arvensis","78","EU_HMETCALF","Anagallis arvensis","Lysimachia arvensis"
"Anagallis arvensis subsp. foemina","79","EU_HMETCALF","Anagallis arvensis foemina","Lysimachia foemina"
"Anchusa undulata subsp. hybrida","82","EU_HMETCALF","Anchusa undulata hybrida","Anchusa hybrida"
"Bromus diandrus","92","EU_HMETCALF","Bromus diandrus","Anisantha diandra"
"Bromus rigidus","93","EU_HMETCALF","Bromus rigidus","Anisantha rigida"
"Elymus repens","94","EU_HMETCALF","Elymus repens","Elytrigia repens"
"Bromus madritensis","95","EU_HMETCALF","Bromus madritensis","Anisantha diandra"
"Bromus rigidus","96","EU_HMETCALF","Bromus rigidus","Anisantha rigida"
"Bromus rubens","97","EU_HMETCALF","Bromus rubens","Anisantha rubens"
"Bromus sterilis","98","EU_HMETCALF","Bromus sterilis","Anisantha sterilis"
"Bromus tectorum","99","EU_HMETCALF","Bromus tectorum","Anisantha tectorum"
"Potentilla anserina","121","EU_HMETCALF","Potentilla anserina","Argentina anserina"
"Arrhenatherum elatius subsp. bulbosum","126","EU_HMETCALF","Arrhenatherum elatius bulbosum","Arrhenatherum elatius subsp. bulbosum"
"Persicaria bistorta","178","EU_HMETCALF","Persicaria bistorta","Bistorta officinalis"
"Bromus inermis","191","EU_HMETCALF","Bromus inermis","Bromopsis inermis"
"Bromus erectus","195","EU_HMETCALF","Bromus erectus","Bromopsis erecta"
"Bromus ramosus","199","EU_HMETCALF","Bromus ramosus","Brachypodium retusum"
"Bryonia cretica subsp. dioica","201","EU_HMETCALF","Bryonia cretica dioica","Bryonia dioica"
"Calystegia sepium","211","EU_HMETCALF","Calystegia sepium","Convolvulus sepium"
"Pennisetum glaucum","241","EU_HMETCALF","Pennisetum glaucum","Cenchrus americanus"
"Centranthus calcitrapa","257","EU_HMETCALF","Centranthus calcitrapa","Centranthus calcitrapae"
"Cerastium fontanum subsp. vulgare","262","EU_HMETCALF","Cerastium fontanum vulgare","Cerastium fontanum subsp. vulgare"
"Bromus catharticus","267","EU_HMETCALF","Bromus catharticus","Ceratochloa cathartica"
"Chenopodium hybridum","275","EU_HMETCALF","Chenopodium hybridum","Chenopodiastrum hybridum"
"Chenopodium murale","276","EU_HMETCALF","Chenopodium murale","Chenopodiastrum murale"
"Cirsium helenioides","290","EU_HMETCALF","Cirsium helenioides","Cirsium heterophyllum"
"Cirsium lanceolatum","293","EU_HMETCALF","Cirsium lanceolatum","Cirsium vulgare"
"Coincya monensis subsp. cheiranthos","298","EU_HMETCALF","Coincya monensis cheiranthos","Coincya monensis subsp. cheiranthos"
"Consolida orientalis","303","EU_HMETCALF","Consolida orientalis","Delphinium hispanicum"
"Consolida pubescens","304","EU_HMETCALF","Consolida pubescens","Delphinium pubescens"
"Consolida regalis","305","EU_HMETCALF","Consolida regalis","Delphinium consolida"
"Conyza sumatrensis","310","EU_HMETCALF","Conyza sumatrensis","Erigeron sumatrensis"
"Coronopus","316","EU_HMETCALF","Coronopus","Lepidium"
"Crepis foetida subsp. rhoeadifolia","331","EU_HMETCALF","Crepis foetida rhoeadifolia","Crepis foetida subsp. rhoeadifolia"
"Crepis vesicaria subsp. taraxacifolia","341","EU_HMETCALF","Crepis vesicaria taraxacifolia","Crepis vesicaria subsp. taraxacifolia"
"Pardoglossum cheirifolium","352","EU_HMETCALF","Pardoglossum cheirifolium","Cynoglossum cheirifolium"
"Erophila verna","384","EU_HMETCALF","Erophila verna","Draba verna"
"Elymus pungens","395","EU_HMETCALF","Elymus pungens","Elytrigia campestris"
"Elymus hispidus","396","EU_HMETCALF","Elymus hispidus","Elytrigia intermedia"
"Elymus repens","397","EU_HMETCALF","Elymus repens","Elytrigia repens"
"Epilobium angustifolium","399","EU_HMETCALF","Epilobium angustifolium","Chamaenerion angustifolium"
"Conyza","416","EU_HMETCALF","Conyza","Erigeron"
"Erigeron glabellus","421","EU_HMETCALF","Erigeron glabellus","Erigeron glabratus"
"Euphorbia esula subsp. tommasiniana","439","EU_HMETCALF","Euphorbia esula tommasiniana","Euphorbia saratoi"
"Ficaria verna subsp. ficariiformis","465","EU_HMETCALF","Ficaria verna ficariiformis","Ficaria grandiflora"
"Filago minima","470","EU_HMETCALF","Filago minima","Logfia minima"
"Galactites tomentosa","485","EU_HMETCALF","Galactites tomentosa","Galactites tomentosus"
"Galeopsis ladanum subsp. angustifolia","488","EU_HMETCALF","Galeopsis ladanum angustifolia","Galeopsis angustifolia"
"Gnaphalium sylvaticum","531","EU_HMETCALF","Gnaphalium sylvaticum","Omalotheca sylvatica"
"Gypsophila muralis","533","EU_HMETCALF","Gypsophila muralis","Psammophiliella muralis"
"Herniaria hirsuta subsp. cinerea","550","EU_HMETCALF","Herniaria hirsuta cinerea","Herniaria cinerea"
"Hordeum murinum subsp. leporinum","563","EU_HMETCALF","Hordeum murinum leporinum","Hordeum murinum subsp. leporinum"
"Hordeum distichon","565","EU_HMETCALF","Hordeum distichon","Hordeum vulgare subsp. distichon"
"Sedum telephium","567","EU_HMETCALF","Sedum telephium","Hylotelephium telephium"
"Knautia integrifola","599","EU_HMETCALF","Knautia integrifola","Knautia integrifolia"
"Lamium purpureum var. hybridum","613","EU_HMETCALF","Lamium purpureum hybridum","Lamium hybridum"
"Lens culinaris","633","EU_HMETCALF","Lens culinaris","Vicia lens"
"Leopoldia comosa","637","EU_HMETCALF","Leopoldia comosa","Muscari comosum"
"Linaria latifolia","650","EU_HMETCALF","Linaria latifolia","Hymenopus latifolius"
"Chenopodium polyspermum","660","EU_HMETCALF","Chenopodium polyspermum","Lipandra polysperma"
"Lycopersicon esculentum","676","EU_HMETCALF","Lycopersicon esculentum","Solanum lycopersicum"
"Anchusa arvensis","677","EU_HMETCALF","Anchusa arvensis","Lycopsis arvensis"
"Lavatera thuringiaca","694","EU_HMETCALF","Lavatera thuringiaca","Malva thuringiaca"
"Medicago falcata","704","EU_HMETCALF","Medicago falcata","Medicago sativa subsp. falcata"
"Medicago intertexta subsp. ciliaris","705","EU_HMETCALF","Medicago intertexta ciliaris","Medicago ciliaris"
"Mimulus moschatus","737","EU_HMETCALF","Mimulus moschatus","Erythranthe moschata"
"Minuartia campestris","738","EU_HMETCALF","Minuartia campestris","Minuartia montana subsp. wiesneri"
"Minuartia hybrida","739","EU_HMETCALF","Minuartia hybrida","Sabulina tenuifolia"
"Neslia paniculata subsp. thracica","755","EU_HMETCALF","Neslia paniculata thracica","Neslia paniculata subsp. thracica"
"Nigella gallica","759","EU_HMETCALF","Nigella gallica","Nigella hispanica var. hispanica"
"Thlaspi perfoliatum","760","EU_HMETCALF","Thlaspi perfoliatum","Microthlaspi perfoliatum"
"Odontites verna","765","EU_HMETCALF","Odontites verna","Odontites vernus"
"Odontites vulgaris","767","EU_HMETCALF","Odontites vulgaris","Odontites vernus subsp. serotinus"
"Ononis repens","775","EU_HMETCALF","Ononis repens","Ononis spinosa subsp. procurrens"
"Onopordum nervosum","780","EU_HMETCALF","Onopordum nervosum","Onopordum gautieri"
"Orlaya kochii","781","EU_HMETCALF","Orlaya kochii","Orlaya platycarpos"
"Ornithogalum pyramidale","784","EU_HMETCALF","Ornithogalum pyramidale","Loncomelos narbonense"
"Chenopodium glaucum","800","EU_HMETCALF","Chenopodium glaucum","Oxybasis glauca"
"Chenopodium urbicum","801","EU_HMETCALF","Chenopodium urbicum","Oxybasis urbica"
"Papaver apulum","811","EU_HMETCALF","Papaver apulum","Roemeria apula"
"Papaver argemone","812","EU_HMETCALF","Papaver argemone","Roemeria argemone"
"Papaver hybridum","814","EU_HMETCALF","Papaver hybridum","Roemeria hispida"
"Parentucellia viscosa","817","EU_HMETCALF","Parentucellia viscosa","Bellardia viscosa"
"Persicaria mitis","827","EU_HMETCALF","Persicaria mitis","Persicaria dubia"
"Petroselinum segetum","833","EU_HMETCALF","Petroselinum segetum","Sison segetum"
"Peucedanum palustre","834","EU_HMETCALF","Peucedanum palustre","Thysselinum palustre"
"Plantago indica","863","EU_HMETCALF","Plantago indica","Plantago arenaria"
"Plantago uliginosa","869","EU_HMETCALF","Plantago uliginosa","Plantago major subsp. intermedia"
"Plantago major subsp. intermedia","870","EU_HMETCALF","Plantago major intermedia","Plantago major subsp. intermedia"
"Poa angustifolia","874","EU_HMETCALF","Poa angustifolia","Poa palustris"
"Duchesnea indica","895","EU_HMETCALF","Duchesnea indica","Potentilla indica"
"Raphanus raphanistrum subsp. sativus","919","EU_HMETCALF","Raphanus raphanistrum sativus","Raphanus sativus"
"Retama sphaerocarpa","930","EU_HMETCALF","Retama sphaerocarpa","Genista sphaerocarpa"
"Sanguisorba minor","980","EU_HMETCALF","Sanguisorba minor","Poterium sanguisorba"
"Festuca arundinacea","985","EU_HMETCALF","Festuca arundinacea","Schedonorus arundinaceus"
"Festuca pratensis","986","EU_HMETCALF","Festuca pratensis","Bromopsis erecta"
"Lasiospora hirsuta","995","EU_HMETCALF","Lasiospora hirsuta","Scorzonera hirsuta"
"Securigera varia","1000","EU_HMETCALF","Securigera varia","Coronilla varia"
"Sedum maximum","1003","EU_HMETCALF","Sedum maximum","Hylotelephium maximum"
"Senecio leucanthemifolius subsp. vernalis","1007","EU_HMETCALF","Senecio leucanthemifolius vernalis","Senecio vernalis"
"Pennisetum glaucum","1013","EU_HMETCALF","Pennisetum glaucum","Cenchrus americanus"
"Setaria viridis","1017","EU_HMETCALF","Setaria viridis","Setaria italica subsp. viridis"
"Setaria viridis","1018","EU_HMETCALF","Setaria viridis","Setaria italica subsp. viridis"
"Silene flos-cuculi","1028","EU_HMETCALF","Silene flos-cuculi","Lychnis flos-cuculi"
"Silene latifolia subsp. alba","1031","EU_HMETCALF","Silene latifolia alba","Silene latifolia"
"Solanum physalifolium","1059","EU_HMETCALF","Solanum physalifolium","Solanum nitidibaccatum"
"Stellaria holostea","1083","EU_HMETCALF","Stellaria holostea","Rabelera holostea"
"Stipa capensis","1085","EU_HMETCALF","Stipa capensis","Stipellula capensis"
"Tordylium officinale","1115","EU_HMETCALF","Tordylium officinale","Tordylium maximum"
"Tragopogon orientalis","1124","EU_HMETCALF","Tragopogon orientalis","Tragopogon pratensis subsp. orientalis"
"Tragopogon pratensis subsp. minor","1127","EU_HMETCALF","Tragopogon pratensis minor","Tragopogon pratensis subsp. minor"
"Trigonella corniculata","1154","EU_HMETCALF","Trigonella corniculata","Trigonella esculenta"
"Triticum spelta","1167","EU_HMETCALF","Triticum spelta","Triticum aestivum subsp. spelta"
"Triticum durum","1168","EU_HMETCALF","Triticum durum","Triticum turgidum subsp. durum"
"Phytolacca dodecandra","1171","EU_HMETCALF","Phytolacca dodecandra","Phytolacca americana"
"Rorippa armoracioides","1174","EU_HMETCALF","Rorippa armoracioides","Rorippa x armoracioides"
"Hymenocarpos circinnata subsp. nummularius","1175","EU_HMETCALF","Hymenocarpos circinnata nummularius","Anthyllis circinnata"
"Onopordon","1176","EU_HMETCALF","Onopordon","Onopordum"
"Rubus idenus","1177","EU_HMETCALF","Rubus idenus","Rubus idaeus"
"Populus canescens","1179","EU_HMETCALF","Populus canescens","Populus x canescens"
"Vaccaria hispanica","1186","EU_HMETCALF","Vaccaria hispanica","Gypsophila vaccaria"
"Valeriana sambucifolia","1187","EU_HMETCALF","Valeriana sambucifolia","Valeriana excelsa subsp. sambucifolia"
"Valerianella pumila","1189","EU_HMETCALF","Valerianella pumila","Valerianella coronata"
"Valerianella muricata","1192","EU_HMETCALF","Valerianella muricata","Valerianella eriocarpa"
"Valerianella rimosa","1196","EU_HMETCALF","Valerianella rimosa","Valerianella dentata"
"Vicia hirsuta","1228","EU_HMETCALF","Vicia hirsuta","Ervilia hirsuta"
"Vicia sativa subsp. nigra","1236","EU_HMETCALF","Vicia sativa nigra","Vicia angustifolia"
"Vicia tetrasperma","1239","EU_HMETCALF","Vicia tetrasperma","Ervum tetraspermum"
"Vicia villosa subsp. ambigua","1241","EU_HMETCALF","Vicia villosa ambigua","Vicia pseudocracca"
"Xanthium orientale subsp. italicum","1255","EU_HMETCALF","Xanthium orientale italicum","Xanthium orientale subsp. italicum"
"Xanthium cavanillesii","1256","EU_HMETCALF","Xanthium cavanillesii","Xanthium orientale subsp. italicum"
"Anagallis arvensis","77","EU_HMETCALF","Anagallis arvensis","Lysimachia arvensis"
"Anagallis foemina","79","EU_HMETCALF","Anagallis foemina","Lysimachia foemina"
"Atriplex hastata","146","EU_HMETCALF","Atriplex hastata","Atriplex prostrata"
"Bidens bipinnatus","173","EU_HMETCALF","Bidens bipinnatus","Bidens bipinnata"
"Bidens tripartitus","174","EU_HMETCALF","Bidens tripartitus","Bidens tripartita"
"Cenchrus spicatus","241","EU_HMETCALF","Cenchrus spicatus","Cenchrus americanus"
"Dactylis glomerata subsp. glomerata","361","EU_HMETCALF","Dactylis glomerata glomerata","Dactylis glomerata subsp. glomerata"
"Echinochloa colonum","388","EU_HMETCALF","Echinochloa colonum","Echinochloa colona"
"Elytrigia intermedia subsp. trichophora","396","EU_HMETCALF","Elytrigia intermedia trichophora","Elytrigia intermedia"
"Hordeum vulgare subsp. distichon","565","EU_HMETCALF","Hordeum vulgare distichon","Hordeum vulgare subsp. distichon"
"Hypericum linarifolium","575","EU_HMETCALF","Hypericum linarifolium","Hypericum linariifolium"
"Lamium album subsp. album","609","EU_HMETCALF","Lamium album album","Lamium album subsp. album"
"Medicago sativa nothosubsp. varia","717","EU_HMETCALF","Medicago sativa nothosubsp varia","Medicago sativa nothosubsp. media"
"Microrrhinum minus","736","EU_HMETCALF","Microrrhinum minus","Chaenorhinum minus"
"Myosoton aquaticum","751","EU_HMETCALF","Myosoton aquaticum","Stellaria aquatica"
"Noccaea perfoliata","760","EU_HMETCALF","Noccaea perfoliata","Microthlaspi perfoliatum"
"Orlaya daucoides","781","EU_HMETCALF","Orlaya daucoides","Orlaya grandiflora"
"Orobanche cumana","791","EU_HMETCALF","Orobanche cumana","Orobanche cernua"
"Oxalis fontana","797","EU_HMETCALF","Oxalis fontana","Oxalis stricta"
"Panicum miliaceum subsp. miliaceum","807","EU_HMETCALF","Panicum miliaceum miliaceum","Panicum miliaceum subsp. miliaceum"
"Panicum miliaceum subsp. ruderale","808","EU_HMETCALF","Panicum miliaceum ruderale","Panicum miliaceum subsp. ruderale"
"Panicum miliaceum subsp. ruderale","809","EU_HMETCALF","Panicum miliaceum ruderale","Panicum miliaceum subsp. ruderale"
"Phalaroides arundinacea","841","EU_HMETCALF","Phalaroides arundinacea","Phalaris arundinacea"
"Phleum ambiguum","842","EU_HMETCALF","Phleum ambiguum","Phleum hirsutum"
"Plantago major subsp. intermedia","869","EU_HMETCALF","Plantago major intermedia","Plantago major subsp. intermedia"
"Plantago pauciflora","872","EU_HMETCALF","Plantago pauciflora","Plantago major"
"Poa trivialis subsp. trivialis","881","EU_HMETCALF","Poa trivialis trivialis","Poa trivialis subsp. trivialis"
"Rumex acetosella subsp. acetosella","955","EU_HMETCALF","Rumex acetosella acetosella","Rumex acetosella"
"Setaria glauca","1013","EU_HMETCALF","Setaria glauca","Cenchrus americanus"
"Setaria viridis subsp. viridis","1018","EU_HMETCALF","Setaria viridis viridis","Setaria italica subsp. viridis"
"Silene niceensis","1035","EU_HMETCALF","Silene niceensis","Silene nicaeensis"
"Sixalix atropurpurea subsp. maritima","1054","EU_HMETCALF","Sixalix atropurpurea maritima","Scabiosa atropurpurea"
"Strigosella africana","1086","EU_HMETCALF","Strigosella africana","Malcolmia africana"
"Triticum aestivum subsp. spelta","1167","EU_HMETCALF","Triticum aestivum spelta","Triticum aestivum subsp. spelta"
"Triticum turgidum subsp. durum","1168","EU_HMETCALF","Triticum turgidum durum","Triticum turgidum subsp. durum"
"Valeriana excelsa subsp. sambucifolia","1187","EU_HMETCALF","Valeriana excelsa sambucifolia","Valeriana excelsa subsp. sambucifolia"
"Xanthium orientale subsp. italicum","1256","EU_HMETCALF","Xanthium orientale italicum","Xanthium orientale subsp. italicum"
"Schoedonorus arundinaceus",NA,"FR_ANN_37","Schoedonorus arundinaceus","Schedonorus arundinaceus"
"Ononis repens",NA,"FR_ANN_37","Ononis repens","Ononis spinosa subsp. procurrens"
"Bryonia cretica subsp. dioica",NA,"FR_ANN_37","Bryonia cretica dioica","Bryonia dioica"
"Vicia hirsuta",NA,"FR_ANN_37","Vicia hirsuta","Ervilia hirsuta"
"Elytrigia campestre",NA,"FR_ANN_37","Elytrigia campestre","Elytrigia campestris"
"Silene latifolia alba",NA,"FR_ANN_37","Silene latifolia alba","Silene latifolia"
"Lepidium squamatum",NA,"FR_ANN_37","Lepidium squamatum","Lepidium coronopus"
"Clinopodium acinos",NA,"FR_ANN_37","Clinopodium acinos","Ziziphora acinos"
"Acinos arvensis",NA,"FR_ANN_37","Acinos arvensis","Ziziphora acinos"
"Inula conyza",NA,"FR_ANN_37","Inula conyza","Inula conyzae"
"Ailanthus altissimus",NA,"FR_ANN_37","Ailanthus altissimus","Ailanthus altissima"
"Colchicum autumnalis",NA,"FR_ANN_37","Colchicum autumnalis","Colchicum autumnale"
"Vicia tetrasperma",NA,"FR_ANN_37","Vicia tetrasperma","Ervum tetraspermum"
"Tamus communis",NA,"FR_ANN_37","Tamus communis","Dioscorea communis"
"Papaver argemone",NA,"FR_ANN_37","Papaver argemone","Roemeria argemone"
"Medicago polymorpha polycarpa",NA,"FR_ANN_37","Medicago polymorpha polycarpa","Medicago polymorpha"
"Minuartia hybrida tenuifolia",NA,"FR_ANN_37","Minuartia hybrida tenuifolia","Sabulina tenuifolia"
"Setaria viridis",NA,"FR_ANN_37","Setaria viridis","Setaria italica subsp. viridis"
"Papaver hybridum",NA,"FR_ANN_37","Papaver hybridum","Roemeria hispida"
"Schoedonorus pratensis",NA,"FR_ANN_37","Schoedonorus pratensis","Schedonorus pratensis"
"Loncomelos pyrenaicus (L.) Hrouda, 1988","106546","FR_ANN_45","Loncomelos pyrenaicus","Loncomelos pyrenaicum"
"Medicago sativa subsp. sativa L., 1753","137673","FR_ANN_45","Medicago sativa sativa","Medicago sativa subsp. sativa"
"Ononis spinosa subsp. procurrens (Wallr.) Briq., 1913","138212","FR_ANN_45","Ononis spinosa procurrens","Ononis spinosa subsp. procurrens"
"Setaria italica subsp. viridis (L.) Thell., 1912","718292","FR_ANN_45","Setaria italica viridis","Setaria italica subsp. viridis"
"Trifolium incarnatum var. incarnatum L., 1753","141861","FR_ANN_45","Trifolium incarnatum incarnatum","Trifolium incarnatum var. incarnatum"
"Aethusa cynapium cf. subsp. segetalis","130875","FR_ANN_BOURGOGNE","Aethusa cynapium segetalis","Aethusa cynapium subsp. cynapium"
"Aethusa cynapium f. agrestis (Wallr.) Schube, 1903","613836","FR_ANN_BOURGOGNE","Aethusa cynapium agrestis","Aethusa cynapium subsp. cynapium"
"Aethusa cynapium f. cynapium","613835","FR_ANN_BOURGOGNE","Aethusa cynapium cynapium","Aethusa cynapium subsp. cynapium"
"Aethusa cynapium L. subsp. cynapium","130873","FR_ANN_BOURGOGNE","Aethusa cynapium cynapium","Aethusa cynapium subsp. cynapium"
"Aethusa cynapium subsp. segetalis (Boenn.) Schübler & G.Martens, 1834","130875","FR_ANN_BOURGOGNE","Aethusa cynapium segetalis","Aethusa cynapium subsp. cynapium"
"Aira caryophyllea L. subsp. caryophyllea","131012","FR_ANN_BOURGOGNE","Aira caryophyllea caryophyllea","Aira caryophyllea"
"Amaranthus blitum subsp. emarginatus (Salzm. ex Uline & W.L.Bray) Carretero, Muñoz Garm. & Pedrol, 1987","131286","FR_ANN_BOURGOGNE","Amaranthus blitum emarginatus","Amaranthus blitum subsp. emarginatus"
"Amaranthus cf. bouchonii","81968","FR_ANN_BOURGOGNE","Amaranthus bouchonii","Amaranthus powellii subsp. bouchonii"
"Amaranthus cf. hybridus subsp. hybridus","131296","FR_ANN_BOURGOGNE","Amaranthus hybridus hybridus","Amaranthus hybridus"
"Amaranthus hybridus L. subsp. hybridus","131296","FR_ANN_BOURGOGNE","Amaranthus hybridus hybridus","Amaranthus hybridus"
"Anagallis arvensis L., 1753","82321","FR_ANN_BOURGOGNE","Anagallis arvensis","Lysimachia arvensis"
"Anagallis cf. arvensis","82321","FR_ANN_BOURGOGNE","Anagallis arvensis","Lysimachia arvensis"
"Anagallis cf. foemina","82329","FR_ANN_BOURGOGNE","Anagallis foemina","Lysimachia foemina"
"Anagallis foemina Mill., 1768","82329","FR_ANN_BOURGOGNE","Anagallis foemina","Lysimachia foemina"
"Arabidopsis arenosa subsp. arenosa","612664","FR_ANN_BOURGOGNE","Arabidopsis arenosa arenosa","Arabidopsis arenosa subsp. arenosa"
"Arenaria serpyllifolia var. serpyllifolia","143778","FR_ANN_BOURGOGNE","Arenaria serpyllifolia serpyllifolia","Arenaria serpyllifolia"
"Arrhenatherum elatius (L.) P.Beauv. ex J. & C.Presl subsp. elatius","131693","FR_ANN_BOURGOGNE","Arrhenatherum elatius elatius","Arrhenatherum elatius subsp. elatius"
"Arrhenatherum elatius subsp. bulbosum (Willd.) Schübler & G.Martens, 1834","131692","FR_ANN_BOURGOGNE","Arrhenatherum elatius bulbosum","Arrhenatherum elatius subsp. bulbosum"
"Avena fatua L. subsp. fatua","131985","FR_ANN_BOURGOGNE","Avena fatua fatua","Avena fatua subsp. fatua"
"Brassica napus L. subsp. napus","132199","FR_ANN_BOURGOGNE","Brassica napus napus","Brassica napus var. napus"
"Brassica napus var. napus L., 1753","132199","FR_ANN_BOURGOGNE","Brassica napus napus","Brassica napus var. napus"
"Bromus cf. sterilis","86763","FR_ANN_BOURGOGNE","Bromus sterilis","Anisantha sterilis"
"Bromus sterilis L., 1753","86763","FR_ANN_BOURGOGNE","Bromus sterilis","Anisantha sterilis"
"Calystegia sepium (L.) R.Br. subsp. sepium","132457","FR_ANN_BOURGOGNE","Calystegia sepium sepium","Convolvulus sepium"
"Calystegia sepium (L.) R.Br., 1810","87560","FR_ANN_BOURGOGNE","Calystegia sepium","Convolvulus sepium"
"Capsella bursa-pastoris (L.) Medik. subsp. bursa-pastoris","132541","FR_ANN_BOURGOGNE","Capsella bursa-pastoris bursa-pastoris","Capsella bursa-pastoris"
"Capsella bursa-pastoris cf. subsp. rubella (Reut.) Hobk., 1869","132545","FR_ANN_BOURGOGNE","Capsella bursa-pastoris rubella","Capsella rubella"
"Capsella bursa-pastoris subsp. rubella (Reut.) Hobk., 1869","132545","FR_ANN_BOURGOGNE","Capsella bursa-pastoris rubella","Capsella rubella"
"Cardaminopsis arenosa (L.) Hayek subsp. arenosa","132574","FR_ANN_BOURGOGNE","Cardaminopsis arenosa arenosa","Arabidopsis arenosa subsp. arenosa"
"Centaurea cf. jacea subsp. jacea","161380","FR_ANN_BOURGOGNE","Centaurea jacea jacea","Centaurea jacea subsp. jacea"
"Centaurea cyanus L., 1753","89574","FR_ANN_BOURGOGNE","Centaurea cyanus","Cyanus segetum"
"Centaurea jacea L. subsp. jacea","161380","FR_ANN_BOURGOGNE","Centaurea jacea jacea","Centaurea jacea subsp. jacea"
"Cerastium brachypetalum Desp. ex Pers. subsp. brachypetalum","133089","FR_ANN_BOURGOGNE","Cerastium brachypetalum brachypetalum","Cerastium brachypetalum subsp. brachypetalum"
"Cerastium brachypetalum subsp. luridum (Boiss.) Nyman, 1878","133090","FR_ANN_BOURGOGNE","Cerastium brachypetalum luridum","Cerastium brachypetalum subsp. brachypetalum"
"Cerastium cf. fontanum subsp. vulgare","133108","FR_ANN_BOURGOGNE","Cerastium fontanum vulgare","Cerastium fontanum subsp. vulgare"
"Cerastium cf. fontanum subsp. vulgare (Hartm.) Greuter & Burdet, 1982","133108","FR_ANN_BOURGOGNE","Cerastium fontanum vulgare","Cerastium fontanum subsp. vulgare"
"Cerastium fontanum subsp. vulgare (Hartm.) Greuter & Burdet, 1982","133108","FR_ANN_BOURGOGNE","Cerastium fontanum vulgare","Cerastium fontanum subsp. vulgare"
"cf. Anagallis arvensis L., 1753","82321","FR_ANN_BOURGOGNE","Anagallis arvensis","Lysimachia arvensis"
"cf. Anagallis foemina Mill., 1768","82329","FR_ANN_BOURGOGNE","Anagallis foemina","Lysimachia foemina"
"cf. Brassica napus L. subsp. napus","132199","FR_ANN_BOURGOGNE","Brassica napus napus","Brassica napus var. napus"
"cf. Brassica napus var. napus L., 1753","132199","FR_ANN_BOURGOGNE","Brassica napus napus","Brassica napus var. napus"
"cf. Bromus sterilis L., 1753","86763","FR_ANN_BOURGOGNE","Bromus sterilis","Anisantha sterilis"
"cf. Calystegia sepium (L.) R.Br., 1810","87560","FR_ANN_BOURGOGNE","Calystegia sepium","Convolvulus sepium"
"cf. Centaurea cyanus L., 1753","89574","FR_ANN_BOURGOGNE","Centaurea cyanus","Cyanus segetum"
"cf. Cerastium fontanum subsp. vulgare (Hartm.) Greuter & Burdet, 1982","133108","FR_ANN_BOURGOGNE","Cerastium fontanum vulgare","Cerastium fontanum subsp. vulgare"
"cf. Chaenorrhinum minus (L.) Lange, 1870","90316","FR_ANN_BOURGOGNE","Chaenorrhinum minus","Chaenorhinum minus"
"cf. Chenopodium hybridum L., 1753","90742","FR_ANN_BOURGOGNE","Chenopodium hybridum","Chenopodiastrum hybridum"
"cf. Chenopodium polyspermum L., 1753","90786","FR_ANN_BOURGOGNE","Chenopodium polyspermum","Lipandra polysperma"
"cf. Coincya cheiranthos (Vill.) Greuter & Burdet, 1983","92105","FR_ANN_BOURGOGNE","Coincya cheiranthos","Coincya monensis subsp. cheiranthos"
"cf. Conyza canadensis (L.) Cronquist, 1943","92379","FR_ANN_BOURGOGNE","Conyza canadensis","Erigeron canadensis"
"cf. Crepis vesicaria subsp. taraxacifolia (Thuill.) Thell. ex Schinz & R.Keller, 1914","133531","FR_ANN_BOURGOGNE","Crepis vesicaria taraxacifolia","Crepis vesicaria subsp. taraxacifolia"
"cf. Dactylis glomerata L. subsp. glomerata","133652","FR_ANN_BOURGOGNE","Dactylis glomerata glomerata","Dactylis glomerata subsp. glomerata"
"cf. Epilobium tetragonum subsp. lamyi (F.W.Schultz) Nyman, 1879","134129","FR_ANN_BOURGOGNE","Epilobium tetragonum lamyi","Epilobium tetragonum subsp. lamyi"
"cf. Galium aparine L. subsp. aparine","134855","FR_ANN_BOURGOGNE","Galium aparine aparine","Galium aparine"
"cf. Hordeum vulgare subsp. vulgare","612498","FR_ANN_BOURGOGNE","Hordeum vulgare vulgare","Hordeum vulgare subsp. vulgare"
"cf. Lens culinaris Medik., 1797","105447","FR_ANN_BOURGOGNE","Lens culinaris","Vicia lens"
"cf. Listera ovata (L.) R.Br., 1813","106370","FR_ANN_BOURGOGNE","Listera ovata","Neottia ovata"
"cf. Logfia arvensis (L.) Holub, 1975","106448","FR_ANN_BOURGOGNE","Logfia arvensis","Filago arvensis"
"cf. Matricaria perforata Mérat, 1812","107470","FR_ANN_BOURGOGNE","Matricaria perforata","Tripleurospermum inodorum"
"cf. Matricaria recutita L., 1753","107473","FR_ANN_BOURGOGNE","Matricaria recutita","Matricaria chamomilla"
"cf. Medicago sativa L. subsp. sativa","137673","FR_ANN_BOURGOGNE","Medicago sativa sativa","Medicago sativa subsp. sativa"
"cf. Medicago sativa subsp. falcata (L.) Arcang., 1882","137666","FR_ANN_BOURGOGNE","Medicago sativa falcata","Medicago sativa subsp. falcata"
"cf. Oxalis fontana Bunge, 1835","111886","FR_ANN_BOURGOGNE","Oxalis fontana","Oxalis stricta"
"cf. Poa angustifolia L., 1753","114112","FR_ANN_BOURGOGNE","Poa angustifolia","Poa palustris"
"cf. Polygonum mite Schrank, 1789","114785","FR_ANN_BOURGOGNE","Polygonum mite","Persicaria dubia"
"cf. Polygonum persicaria L., 1753","114822","FR_ANN_BOURGOGNE","Polygonum persicaria","Persicaria maculosa"
"cf. Sanguisorba minor Scop., 1771","120753","FR_ANN_BOURGOGNE","Sanguisorba minor","Poterium sanguisorba"
"cf. Senecio jacobaea L., 1753","122636","FR_ANN_BOURGOGNE","Senecio jacobaea","Jacobaea vulgaris"
"cf. Setaria viridis (L.) P.Beauv., 1812","123156","FR_ANN_BOURGOGNE","Setaria viridis","Setaria italica subsp. viridis"
"cf. Silene latifolia subsp. alba (Mill.) Greuter & Burdet, 1982","141165","FR_ANN_BOURGOGNE","Silene latifolia alba","Silene latifolia"
"cf. Solanum nigrum L. subsp. nigrum","141273","FR_ANN_BOURGOGNE","Solanum nigrum nigrum","Solanum nigrum"
"cf. Triticum durum Desf., 1798","127727","FR_ANN_BOURGOGNE","Triticum durum","Triticum turgidum subsp. durum"
"cf. Triticum monococcum subsp. monococcum L., 1753","718430","FR_ANN_BOURGOGNE","Triticum monococcum monococcum","Triticum monococcum subsp. monococcum"
"cf. Valerianella carinata Loisel., 1810","128460","FR_ANN_BOURGOGNE","Valerianella carinata","Valerianella locusta"
"cf. Vicia hirsuta (L.) Gray, 1821","129191","FR_ANN_BOURGOGNE","Vicia hirsuta","Ervilia hirsuta"
"cf. x Triticosecale rimpaui Wittm., 1899","130471","FR_ANN_BOURGOGNE","x Rimpaui","x Triticosecale rimpaui"
"Chaenorrhinum minus (L.) Lange, 1870","90316","FR_ANN_BOURGOGNE","Chaenorrhinum minus","Chaenorhinum minus"
"Chenopodium cf. polyspermum","90786","FR_ANN_BOURGOGNE","Chenopodium polyspermum","Lipandra polysperma"
"Chenopodium hybridum L., 1753","90742","FR_ANN_BOURGOGNE","Chenopodium hybridum","Chenopodiastrum hybridum"
"Chenopodium polyspermum L., 1753","90786","FR_ANN_BOURGOGNE","Chenopodium polyspermum","Lipandra polysperma"
"Consolida regalis Gray, 1821","92270","FR_ANN_BOURGOGNE","Consolida regalis","Delphinium consolida"
"Conyza canadensis (L.) Cronquist, 1943","92379","FR_ANN_BOURGOGNE","Conyza canadensis","Erigeron canadensis"
"Crepis cf. vesicaria subsp. taraxacifolia","133531","FR_ANN_BOURGOGNE","Crepis vesicaria taraxacifolia","Crepis vesicaria subsp. taraxacifolia"
"Crepis vesicaria subsp. taraxacifolia (Thuill.) Thell. ex Schinz & R.Keller, 1914","133531","FR_ANN_BOURGOGNE","Crepis vesicaria taraxacifolia","Crepis vesicaria subsp. taraxacifolia"
"Dactylis glomerata cf. subsp. glomerata","133652","FR_ANN_BOURGOGNE","Dactylis glomerata glomerata","Dactylis glomerata subsp. glomerata"
"Dactylis glomerata L. subsp. glomerata","133652","FR_ANN_BOURGOGNE","Dactylis glomerata glomerata","Dactylis glomerata subsp. glomerata"
"Draba verna var. verna","718683","FR_ANN_BOURGOGNE","Draba verna verna","Draba verna"
"Epilobium tetragonum cf. subsp. tetragonum","134131","FR_ANN_BOURGOGNE","Epilobium tetragonum tetragonum","Epilobium tetragonum subsp. tetragonum"
"Epilobium tetragonum L. subsp. tetragonum","134131","FR_ANN_BOURGOGNE","Epilobium tetragonum tetragonum","Epilobium tetragonum subsp. tetragonum"
"Epilobium tetragonum subsp. lamyi (F.W.Schultz) Nyman, 1879","134129","FR_ANN_BOURGOGNE","Epilobium tetragonum lamyi","Epilobium tetragonum subsp. lamyi"
"Erophila cf. spathulata","97003","FR_ANN_BOURGOGNE","Erophila spathulata","Draba verna"
"Erophila spathulata Láng, 1824","97003","FR_ANN_BOURGOGNE","Erophila spathulata","Draba verna"
"Erophila verna (Groupe)","5","FR_ANN_BOURGOGNE","Erophila verna","Draba verna"
"Erophila verna (L.) Chevall. subsp. verna","159889","FR_ANN_BOURGOGNE","Erophila verna verna","Draba verna"
"Euphorbia esula L. cf. subsp. esula","134367","FR_ANN_BOURGOGNE","Euphorbia esula esula","Euphorbia esula"
"Festuca arundinacea Schreb., 1771","98078","FR_ANN_BOURGOGNE","Festuca arundinacea","Schedonorus arundinaceus"
"Festuca cf. arundinacea","98078","FR_ANN_BOURGOGNE","Festuca arundinacea","Schedonorus arundinaceus"
"Festuca cf. pratensis","98460","FR_ANN_BOURGOGNE","Festuca pratensis","Bromopsis erecta"
"Festuca pratensis Huds., 1762","98460","FR_ANN_BOURGOGNE","Festuca pratensis","Bromopsis erecta"
"Filago vulgaris Lam., 1779","98707","FR_ANN_BOURGOGNE","Filago vulgaris","Filago germanica"
"Fumaria officinalis f. officinalis","134778","FR_ANN_BOURGOGNE","Fumaria officinalis officinalis","Fumaria officinalis"
"Fumaria officinalis subsp. wirtgenii (W.D.J.Koch) Arcang., 1882","134780","FR_ANN_BOURGOGNE","Fumaria officinalis wirtgenii","Fumaria officinalis"
"Galium aparine L. cf. subsp. aparine","134855","FR_ANN_BOURGOGNE","Galium aparine aparine","Galium aparine"
"Galium aparine L. subsp. aparine","134855","FR_ANN_BOURGOGNE","Galium aparine aparine","Galium aparine"
"Galium aparine subsp. spurium (L.) Hartm., 1846","134858","FR_ANN_BOURGOGNE","Galium aparine spurium","Galium spurium"
"Galium cf. aparine L. subsp. aparine","134855","FR_ANN_BOURGOGNE","Galium aparine aparine","Galium aparine"
"Galium cf. aparine subsp. aparine","134855","FR_ANN_BOURGOGNE","Galium aparine aparine","Galium aparine"
"Galium cf. spurium subsp. tenerum","134938","FR_ANN_BOURGOGNE","Galium spurium tenerum","Galium spurium"
"Galium spurium subsp. tenerum (Schleich. ex Gaudin) Nyman, 1879","134938","FR_ANN_BOURGOGNE","Galium spurium tenerum","Galium spurium"
"Galium verum L. subsp. verum","134957","FR_ANN_BOURGOGNE","Galium verum verum","Galium verum subsp. verum"
"Gypsophila muralis L., 1753","100677","FR_ANN_BOURGOGNE","Gypsophila muralis","Psammophiliella muralis"
"Hordeum vulgare cf. subsp. distichon (L.) Korn., 1882","718237","FR_ANN_BOURGOGNE","Hordeum vulgare distichon","Hordeum vulgare subsp. distichon"
"Hordeum vulgare subsp. distichon (L.) Korn., 1882","718237","FR_ANN_BOURGOGNE","Hordeum vulgare distichon","Hordeum vulgare subsp. distichon"
"Hordeum vulgare subsp. distichon (L.) Körn., 1882","718237","FR_ANN_BOURGOGNE","Hordeum vulgare distichon","Hordeum vulgare subsp. distichon"
"Hordeum vulgare subsp. vulgare L., 1753","612498","FR_ANN_BOURGOGNE","Hordeum vulgare vulgare","Hordeum vulgare subsp. vulgare"
"Kandis perfoliata (L.) Kerguélen, 1993","104452","FR_ANN_BOURGOGNE","Kandis perfoliata","Microthlaspi perfoliatum"
"Lens cf. culinaris","105447","FR_ANN_BOURGOGNE","Lens culinaris","Vicia lens"
"Lens culinaris Medik., 1797","105447","FR_ANN_BOURGOGNE","Lens culinaris","Vicia lens"
"Lithospermum arvense L., 1753","106379","FR_ANN_BOURGOGNE","Lithospermum arvense","Buglossoides arvensis"
"Lysimachia arvensis subsp. arvensis","612638","FR_ANN_BOURGOGNE","Lysimachia arvensis arvensis","Lysimachia arvensis"
"Matricaria cf. perforata","107470","FR_ANN_BOURGOGNE","Matricaria perforata","Tripleurospermum inodorum"
"Matricaria cf. recutita","107473","FR_ANN_BOURGOGNE","Matricaria recutita","Matricaria chamomilla"
"Matricaria perforata Mérat, 1812","107470","FR_ANN_BOURGOGNE","Matricaria perforata","Tripleurospermum inodorum"
"Matricaria recutita L., 1753","107473","FR_ANN_BOURGOGNE","Matricaria recutita","Matricaria chamomilla"
"Medicago cf. sativa L. subsp. sativa","137673","FR_ANN_BOURGOGNE","Medicago sativa sativa","Medicago sativa subsp. sativa"
"Medicago sativa L. subsp. sativa","137673","FR_ANN_BOURGOGNE","Medicago sativa sativa","Medicago sativa subsp. sativa"
"Medicago sativa subsp. falcata (L.) Arcang., 1882","137666","FR_ANN_BOURGOGNE","Medicago sativa falcata","Medicago sativa subsp. falcata"
"Montia fontana subsp. chondrosperma (Fenzl) Walters, 1953","137878","FR_ANN_BOURGOGNE","Montia fontana chondrosperma","Montia fontana subsp. minor"
"Ononis spinosa subsp. maritima (Dumort. ex Piré) P.Fourn., 1937","138211","FR_ANN_BOURGOGNE","Ononis spinosa maritima","Ononis spinosa subsp. procurrens"
"Ononis spinosa var. procurrens (Wallr.) Burnat, 1896","148966","FR_ANN_BOURGOGNE","Ononis spinosa procurrens","Ononis spinosa subsp. procurrens"
"Oxalis cf. fontana","111886","FR_ANN_BOURGOGNE","Oxalis fontana","Oxalis stricta"
"Oxalis cf. fontana Bunge, 1835","111886","FR_ANN_BOURGOGNE","Oxalis fontana","Oxalis stricta"
"Oxalis fontana Bunge, 1835","111886","FR_ANN_BOURGOGNE","Oxalis fontana","Oxalis stricta"
"Papaver argemone L., 1753","112285","FR_ANN_BOURGOGNE","Papaver argemone","Roemeria argemone"
"Papaver cf. dubium subsp. dubium L., 1753","138564","FR_ANN_BOURGOGNE","Papaver dubium dubium","Papaver dubium"
"Papaver dubium L. subsp. dubium","138564","FR_ANN_BOURGOGNE","Papaver dubium dubium","Papaver dubium"
"Papaver dubium subsp. dubium L., 1753","138564","FR_ANN_BOURGOGNE","Papaver dubium dubium","Papaver dubium"
"Phleum pratense L. subsp. pratense","138726","FR_ANN_BOURGOGNE","Phleum pratense pratense","Phleum pratense"
"Phleum pratense subsp. serotinum (Jord.) Berher, 1887","138727","FR_ANN_BOURGOGNE","Phleum pratense serotinum","Phleum nodosum"
"Plantago major cf. subsp. intermedia","138899","FR_ANN_BOURGOGNE","Plantago major intermedia","Plantago major subsp. intermedia"
"Plantago major cf. subsp. major","138901","FR_ANN_BOURGOGNE","Plantago major major","Plantago major subsp. major"
"Plantago major cf. subsp. pleiosperma Pilg., 1937","138903","FR_ANN_BOURGOGNE","Plantago major pleiosperma","Plantago major subsp. intermedia"
"Plantago major L. cf. subsp. major","138901","FR_ANN_BOURGOGNE","Plantago major major","Plantago major subsp. major"
"Plantago major L. subsp. major","138901","FR_ANN_BOURGOGNE","Plantago major major","Plantago major subsp. major"
"Plantago major subsp. intermedia (Gilib.) Lange, 1856","138899","FR_ANN_BOURGOGNE","Plantago major intermedia","Plantago major subsp. intermedia"
"Plantago major subsp. pleiosperma Pilg., 1937","138903","FR_ANN_BOURGOGNE","Plantago major pleiosperma","Plantago major subsp. intermedia"
"Poa pratensis L. subsp. pratensis","159892","FR_ANN_BOURGOGNE","Poa pratensis pratensis","Poa pratensis subsp. pratensis"
"Polygonum amphibium L., 1753","114641","FR_ANN_BOURGOGNE","Polygonum amphibium","Persicaria amphibia"
"Polygonum aviculare cf. subsp. aviculare","139086","FR_ANN_BOURGOGNE","Polygonum aviculare aviculare","Polygonum aviculare subsp. aviculare"
"Polygonum aviculare L. cf. subsp. aviculare","139086","FR_ANN_BOURGOGNE","Polygonum aviculare aviculare","Polygonum aviculare subsp. aviculare"
"Polygonum aviculare L. subsp. aviculare","139086","FR_ANN_BOURGOGNE","Polygonum aviculare aviculare","Polygonum aviculare subsp. aviculare"
"Polygonum aviculare subsp. depressum (Meisn.) Arcang., 1882","139089","FR_ANN_BOURGOGNE","Polygonum aviculare depressum","Polygonum aviculare subsp. depressum"
"Polygonum aviculare subsp. rurivagum (Jord. ex Boreau) Berher, 1887","139103","FR_ANN_BOURGOGNE","Polygonum aviculare rurivagum","Polygonum rurivagum"
"Polygonum cf. hydropiper","114745","FR_ANN_BOURGOGNE","Polygonum hydropiper","Persicaria hydropiper"
"Polygonum cf. mite","114785","FR_ANN_BOURGOGNE","Polygonum mite","Persicaria dubia"
"Polygonum cf. persicaria","114822","FR_ANN_BOURGOGNE","Polygonum persicaria","Persicaria maculosa"
"Polygonum hydropiper L., 1753","114745","FR_ANN_BOURGOGNE","Polygonum hydropiper","Persicaria hydropiper"
"Polygonum lapathifolium L., 1753","114761","FR_ANN_BOURGOGNE","Polygonum lapathifolium","Persicaria lapathifolia"
"Polygonum persicaria L., 1753","114822","FR_ANN_BOURGOGNE","Polygonum persicaria","Persicaria maculosa"
"Ranunculus acris subsp. friesianus (Jord.) Syme, 1863","139608","FR_ANN_BOURGOGNE","Ranunculus acris friesianus","Ranunculus acris subsp. friesianus"
"Ranunculus cf. acris subsp. friesianus","139608","FR_ANN_BOURGOGNE","Ranunculus acris friesianus","Ranunculus acris subsp. friesianus"
"Sanguisorba minor Scop., 1771","120753","FR_ANN_BOURGOGNE","Sanguisorba minor","Poterium sanguisorba"
"Senecio erucifolius L., 1755","122596","FR_ANN_BOURGOGNE","Senecio erucifolius","Jacobaea erucifolia"
"Senecio jacobaea L., 1753","122636","FR_ANN_BOURGOGNE","Senecio jacobaea","Jacobaea vulgaris"
"Setaria cf. italica subsp. viridis (L.) Thell., 1912","718292","FR_ANN_BOURGOGNE","Setaria italica viridis","Setaria italica subsp. viridis"
"Setaria italica subsp. viridis (L.) Thell., 1912","718292","FR_ANN_BOURGOGNE","Setaria italica viridis","Setaria italica subsp. viridis"
"Setaria viridis (L.) P.Beauv., 1812","123156","FR_ANN_BOURGOGNE","Setaria viridis","Setaria italica subsp. viridis"
"Silene cf. latifolia subsp. alba","141165","FR_ANN_BOURGOGNE","Silene latifolia alba","Silene latifolia"
"Silene cf. latifolia subsp. alba (Mill.) Greuter & Burdet, 1982","141165","FR_ANN_BOURGOGNE","Silene latifolia alba","Silene latifolia"
"Silene latifolia subsp. alba (Mill.) Greuter & Burdet, 1982","141165","FR_ANN_BOURGOGNE","Silene latifolia alba","Silene latifolia"
"Silene vulgaris (Moench) Garcke subsp. vulgaris","141214","FR_ANN_BOURGOGNE","Silene vulgaris vulgaris","Silene vulgaris subsp. vulgaris"
"Solanum nigrum L. subsp. nigrum","141273","FR_ANN_BOURGOGNE","Solanum nigrum nigrum","Solanum nigrum"
"Solanum nigrum subsp. schultesii (Opiz) Wessely, 1961","141275","FR_ANN_BOURGOGNE","Solanum nigrum schultesii","Solanum nigrum"
"Spergula rubra (L.) D.Dietr., 1840","124528","FR_ANN_BOURGOGNE","Spergula rubra","Spergularia rubra"
"Stellaria holostea L., 1753","125006","FR_ANN_BOURGOGNE","Stellaria holostea","Rabelera holostea"
"Taraxacum F.H.Wigg.","198226","FR_ANN_BOURGOGNE","Taraxacum fhwigg","Taraxacum"
"Tragopogon pratensis L. subsp. pratensis","141821","FR_ANN_BOURGOGNE","Tragopogon pratensis pratensis","Tragopogon pratensis subsp. pratensis"
"Trifolium cf. hybridum subsp. hybridum","141860","FR_ANN_BOURGOGNE","Trifolium hybridum hybridum","Trifolium hybridum var. hybridum"
"Trifolium hybridum subsp. elegans (Savi) Asch. & Graebn., 1907","141858","FR_ANN_BOURGOGNE","Trifolium hybridum elegans","Trifolium hybridum var. elegans"
"Trifolium hybridum var. elegans (Savi) Boiss.","620954","FR_ANN_BOURGOGNE","Trifolium hybridum elegans","Trifolium hybridum var. elegans"
"Trifolium hybridum var. hybridum","141860","FR_ANN_BOURGOGNE","Trifolium hybridum hybridum","Trifolium hybridum var. hybridum"
"Trifolium incarnatum var. incarnatum","141861","FR_ANN_BOURGOGNE","Trifolium incarnatum incarnatum","Trifolium incarnatum var. incarnatum"
"Trigonella cf. officinalis (L.) Coulot & Rabaute, 2013","788839","FR_ANN_BOURGOGNE","Trigonella officinalis","Melilotus officinalis"
"Trigonella officinalis (L.) Coulot & Rabaute, 2013","788839","FR_ANN_BOURGOGNE","Trigonella officinalis","Melilotus officinalis"
"Triticum cf. durum","127727","FR_ANN_BOURGOGNE","Triticum durum","Triticum turgidum subsp. durum"
"Triticum cf. turgidum subsp. durum (Desf.) Husn., 1899","141978","FR_ANN_BOURGOGNE","Triticum turgidum durum","Triticum turgidum subsp. durum"
"Triticum durum Desf., 1798","127727","FR_ANN_BOURGOGNE","Triticum durum","Triticum turgidum subsp. durum"
"Triticum turgidum subsp. durum (Desf.) Husn., 1899","141978","FR_ANN_BOURGOGNE","Triticum turgidum durum","Triticum turgidum subsp. durum"
"Valerianella cf. carinata","128460","FR_ANN_BOURGOGNE","Valerianella carinata","Valerianella locusta"
"Valerianella cf. locusta f. carinata (Loisel.) Devesa, J.López & R.Gonzalo, 2005","718832","FR_ANN_BOURGOGNE","Valerianella locusta carinata","Valerianella locusta"
"Valerianella dentata cf. f. rimosa (Bastard) Devesa, J.López & R.Gonzalo, 2005","718830","FR_ANN_BOURGOGNE","Valerianella dentata rimosa","Valerianella dentata"
"Valerianella dentata f. rimosa (Bastard) Devesa, J.López & R.Gonzalo, 2005","718830","FR_ANN_BOURGOGNE","Valerianella dentata rimosa","Valerianella dentata"
"Valerianella locusta f. carinata (Loisel.) Devesa, J.López & R.Gonzalo, 2005","718832","FR_ANN_BOURGOGNE","Valerianella locusta carinata","Valerianella locusta"
"Valerianella rimosa Bastard, 1814","128491","FR_ANN_BOURGOGNE","Valerianella rimosa","Valerianella dentata"
"Veronica cf. hederifolia L. subsp. hederifolia","142147","FR_ANN_BOURGOGNE","Veronica hederifolia hederifolia","Veronica hederifolia"
"Veronica hederifolia L. subsp. hederifolia","142147","FR_ANN_BOURGOGNE","Veronica hederifolia hederifolia","Veronica hederifolia"
"Vicia cf. hirsuta","129191","FR_ANN_BOURGOGNE","Vicia hirsuta","Ervilia hirsuta"
"Vicia cf. hirsuta (L.) Gray, 1821","129191","FR_ANN_BOURGOGNE","Vicia hirsuta","Ervilia hirsuta"
"Vicia cf. parviflora","129266","FR_ANN_BOURGOGNE","Vicia parviflora","Ervilia hirsuta"
"Vicia hirsuta (L.) Gray, 1821","129191","FR_ANN_BOURGOGNE","Vicia hirsuta","Ervilia hirsuta"
"Vicia sativa cf. subsp. nigra","142232","FR_ANN_BOURGOGNE","Vicia sativa nigra","Vicia angustifolia"
"Vicia sativa cf. subsp. sativa","142236","FR_ANN_BOURGOGNE","Vicia sativa sativa","Vicia sativa"
"Vicia sativa L. cf. subsp. sativa","142236","FR_ANN_BOURGOGNE","Vicia sativa sativa","Vicia sativa"
"Vicia sativa L. subsp. sativa","142236","FR_ANN_BOURGOGNE","Vicia sativa sativa","Vicia sativa"
"Vicia sativa subsp. nigra (L.) Ehrh., 1780","142232","FR_ANN_BOURGOGNE","Vicia sativa nigra","Vicia angustifolia"
"Vicia tetrasperma (L.) Schreb., 1771","129325","FR_ANN_BOURGOGNE","Vicia tetrasperma","Ervum tetraspermum"
"Vitis vinifera L. subsp. vinifera","142452","FR_ANN_BOURGOGNE","Vitis vinifera vinifera","Vitis vinifera subsp. vinifera"
"Vitis vinifera subsp. vinifera L., 1753","142452","FR_ANN_BOURGOGNE","Vitis vinifera vinifera","Vitis vinifera subsp. vinifera"
"Adonis aestivalis subsp. squarrosa (Steven) Nyman, 1878","130842","FR_ANN_CASDAR","Adonis aestivalis squarrosa","Adonis aestivalis"
"Anchusa italica Retz., 1779","82380","FR_ANN_CASDAR","Anchusa italica","Anchusa azurea"
"Anthemis arvensis subsp. incrassata (Loisel.) Nyman, 1879","131421","FR_ANN_CASDAR","Anthemis arvensis incrassata","Anthemis arvensis subsp. incrassata"
"Arrhenatherum elatius subsp. bulbosum (Willd.) Schübl. & G.Martens, 1834","131692","FR_ANN_CASDAR","Arrhenatherum elatius bulbosum","Arrhenatherum elatius subsp. bulbosum"
"Bromus catharticus Vahl, 1791","90192","FR_ANN_CASDAR","Bromus catharticus","Ceratochloa cathartica"
"Bryonia cretica subsp. dioica (Jacq.) Tutin, 1968","86828","FR_ANN_CASDAR","Bryonia cretica dioica","Bryonia dioica"
"Capsella bursa-pastoris subsp. rubella (Reut.) Hobk., 1869","87862","FR_ANN_CASDAR","Capsella bursa-pastoris rubella","Capsella rubella"
"Centaurea jacea subsp. jacea L., 1753","161380","FR_ANN_CASDAR","Centaurea jacea jacea","Centaurea jacea subsp. jacea"
"Centaurea jacea subsp. timbalii (Martrin-Donos) Braun-Blanq., 1952","132917","FR_ANN_CASDAR","Centaurea jacea timbalii","Centaurea jacea subsp. timbalii"
"Cerastium brachypetalum subsp. luridum (Boiss.) Nyman, 1878","133093","FR_ANN_CASDAR","Cerastium brachypetalum luridum","Cerastium brachypetalum subsp. brachypetalum"
"Cerastium fontanum subsp. vulgare (Hartm.) Greuter & Burdet, 1982","133108","FR_ANN_CASDAR","Cerastium fontanum vulgare","Cerastium fontanum subsp. vulgare"
"Chaenorrhinum minus (L.) Lange, 1870","90316","FR_ANN_CASDAR","Chaenorrhinum minus","Chaenorhinum minus"
"Clinopodium acinos (L.) Kuntze, 1891","79991","FR_ANN_CASDAR","Clinopodium acinos","Ziziphora acinos"
"Crepis foetida subsp. rhoeadifolia (M.Bieb.) Celak., 1871","133508","FR_ANN_CASDAR","Crepis foetida rhoeadifolia","Crepis foetida subsp. rhoeadifolia"
"Crepis vesicaria subsp. taraxacifolia (Thuill.) Thell. ex Schinz & R.Keller, 1914","133531","FR_ANN_CASDAR","Crepis vesicaria taraxacifolia","Crepis vesicaria subsp. taraxacifolia"
"Delphinium orientale J.Gay, 1840","92265","FR_ANN_CASDAR","Delphinium orientale","Delphinium ajacis"
"Dorycnium hirsutum (L.) Ser., 1825","95269","FR_ANN_CASDAR","Dorycnium hirsutum","Lotus hirsutus"
"Dorycnium pentaphyllum Scop., 1772","95279","FR_ANN_CASDAR","Dorycnium pentaphyllum","Lotus dorycnium"
"Eruca sativa Mill., 1768","97036","FR_ANN_CASDAR","Eruca sativa","Eruca vesicaria"
"Euphorbia flavicoma subsp. verrucosa (Fiori) Pignatti, 1973","134387","FR_ANN_CASDAR","Euphorbia flavicoma verrucosa","Euphorbia verrucosa"
"Fumaria officinalis subsp. wirtgenii (W.D.J.Koch) Arcang., 1882","134780","FR_ANN_CASDAR","Fumaria officinalis wirtgenii","Fumaria officinalis"
"Hordeum murinum subsp. leporinum (Link) Arcang., 1882","102965","FR_ANN_CASDAR","Hordeum murinum leporinum","Hordeum murinum subsp. leporinum"
"Inula conyza DC., 1836","103608","FR_ANN_CASDAR","Inula conyza","Inula conyzae"
"Knautia timeroyii Jord., 1848","104558","FR_ANN_CASDAR","Knautia timeroyii","Knautia timeroyi"
"Lepidium densiflorum subsp. densiflorum Schrad., 1832","612506","FR_ANN_CASDAR","Lepidium densiflorum densiflorum","Lepidium densiflorum"
"Lepidium squamatum Forssk., 1775","105680","FR_ANN_CASDAR","Lepidium squamatum","Lepidium coronopus"
"Loncomelos pyrenaicus (L.) Hrouda, 1988","106546","FR_ANN_CASDAR","Loncomelos pyrenaicus","Loncomelos pyrenaicum"
"Medicago sativa subsp. ambigua (Trautv.) Tutin","107766","FR_ANN_CASDAR","Medicago sativa ambigua","Medicago sativa nothosubsp. media"
"Medicago sativa subsp. falcata (L.) Arcang., 1882","107610","FR_ANN_CASDAR","Medicago sativa falcata","Medicago sativa subsp. falcata"
"Minuartia hybrida (Vill.) Schischk., 1936","108597","FR_ANN_CASDAR","Minuartia hybrida","Sabulina tenuifolia"
"Minuartia laricifolia (L.) Schinz & Thell., 1907","108602","FR_ANN_CASDAR","Minuartia laricifolia","Cherleria laricifolia"
NA,NA,"FR_ANN_CASDAR",NA,NA
NA,NA,"FR_ANN_CASDAR",NA,NA
NA,NA,"FR_ANN_CASDAR",NA,NA
NA,NA,"FR_ANN_CASDAR",NA,NA
NA,NA,"FR_ANN_CASDAR",NA,NA
NA,NA,"FR_ANN_CASDAR",NA,NA
NA,NA,"FR_ANN_CASDAR",NA,NA
NA,NA,"FR_ANN_CASDAR",NA,NA
NA,NA,"FR_ANN_CASDAR",NA,NA
NA,NA,"FR_ANN_CASDAR",NA,NA
NA,NA,"FR_ANN_CASDAR",NA,NA
"Neslia paniculata subsp. thracica (Velen.) Bornm., 1894","109589","FR_ANN_CASDAR","Neslia paniculata thracica","Neslia paniculata subsp. thracica"
"Nigella hispanica var. parviflora Coss.","109629","FR_ANN_CASDAR","Nigella hispanica parviflora","Nigella hispanica var. hispanica"
"Odontites vernus subsp. vernus (Bellardi) Dumort., 1827","109848","FR_ANN_CASDAR","Odontites vernus vernus","Odontites vernus subsp. vernus"
"Ononis spinosa subsp. maritima (Dumort. ex Piré) P.Fourn., 1937","138212","FR_ANN_CASDAR","Ononis spinosa maritima","Ononis spinosa subsp. procurrens"
"Ononis spinosa subsp. maritima (Dumort. ex Piré) P.Fourn., 1937","138212","FR_ANN_CASDAR","Ononis spinosa maritima","Ononis spinosa subsp. procurrens"
"Papaver argemone L., 1753","112285","FR_ANN_CASDAR","Papaver argemone","Roemeria argemone"
"Poa bulbosa var. vivipara Koeler, 1802","149631","FR_ANN_CASDAR","Poa bulbosa vivipara","Poa bulbosa var. vivipara"
"Ranunculus acris subsp. friesianus (Jord.) Syme, 1863","139608","FR_ANN_CASDAR","Ranunculus acris friesianus","Ranunculus acris subsp. friesianus"
"Rapistrum rugosum subsp. orientale (L.) Arcang., 1882","139849","FR_ANN_CASDAR","Rapistrum rugosum orientale","Rapistrum rugosum subsp. orientale"
"Setaria italica subsp. viridis (L.) Thell., 1912","123156","FR_ANN_CASDAR","Setaria italica viridis","Setaria italica subsp. viridis"
"Stellaria holostea L., 1753","125006","FR_ANN_CASDAR","Stellaria holostea","Rabelera holostea"
"Trigonella officinalis (L.) Coulot & Rabaute, 2013","107942","FR_ANN_CASDAR","Trigonella officinalis","Melilotus officinalis"
"Tulipa sylvestris subsp. sylvestris L., 1753","142006","FR_ANN_CASDAR","Tulipa sylvestris sylvestris","Tulipa sylvestris subsp. sylvestris"
"Vaccaria hispanica (Mill.) Rauschert, 1965","128330","FR_ANN_CASDAR","Vaccaria hispanica","Gypsophila vaccaria"
"Valerianella coronata f. pumila (L.) Devesa, J.López & R.Gonzalo, 2005","128489","FR_ANN_CASDAR","Valerianella coronata pumila","Valerianella coronata"
"Valerianella dentata f. rimosa (Bastard) Devesa, J.López & R.Gonzalo, 2005","128491","FR_ANN_CASDAR","Valerianella dentata rimosa","Valerianella dentata"
"Valerianella locusta f. carinata (Loisel.) Devesa, J.López & R.Gonzalo, 2005","128460","FR_ANN_CASDAR","Valerianella locusta carinata","Valerianella locusta"
"Vicia hirsuta (L.) Gray, 1821","129191","FR_ANN_CASDAR","Vicia hirsuta","Ervilia hirsuta"
"Vicia pannonica var. purpurascens (DC.) Ser., 1825","142222","FR_ANN_CASDAR","Vicia pannonica purpurascens","Vicia pannonica"
"Aegilops ovata","AEGLO","FR_ANN_MP","Aegilops ovata","Aegilops geniculata"
"Anagallis arvensis","ANGAR","FR_ANN_MP","Anagallis arvensis","Lysimachia arvensis"
"Anchusa arvensis","LYCAR","FR_ANN_MP","Anchusa arvensis","Lycopsis arvensis"
"Angiospermae sp.","1ANGC","FR_ANN_MP","Angiospermae","Magnoliidae"
"Calystegia sepium","CAGSE","FR_ANN_MP","Calystegia sepium","Convolvulus sepium"
"Matricaria recutita","MATCH","FR_ANN_MP","Matricaria recutita","Matricaria chamomilla"
"Parentucellia viscosa","PATVI","FR_ANN_MP","Parentucellia viscosa","Bellardia viscosa"
"Polygonum persicaria","POLPE","FR_ANN_MP","Polygonum persicaria","Persicaria maculosa"
"Sanguisorba minor","SANMI","FR_ANN_MP","Sanguisorba minor","Poterium sanguisorba"
"Valerianella dentata f. rimosa","VLLRI","FR_ANN_MP","Valerianella dentata rimosa","Valerianella dentata"
"Arrhenatherum elatius subsp. bulbosum",NA,"FR_ALL_500_ENI","Arrhenatherum elatius bulbosum","Arrhenatherum elatius subsp. bulbosum"
"Arrhenatherum elatius subsp. elatius",NA,"FR_ALL_500_ENI","Arrhenatherum elatius elatius","Arrhenatherum elatius subsp. elatius"
"Astragalus pelecinus",NA,"FR_ALL_500_ENI","Astragalus pelecinus","Biserrula pelecinus"
"Avenula pratensis",NA,"FR_ALL_500_ENI","Avenula pratensis","Helictochloa pratensis"
"Bartsia trixago",NA,"FR_ALL_500_ENI","Bartsia trixago","Bellardia trixago"
"Beta vulgaris subsp. maritima",NA,"FR_ALL_500_ENI","Beta vulgaris maritima","Beta vulgaris subsp. maritima"
"Beta vulgaris subsp. vulgaris",NA,"FR_ALL_500_ENI","Beta vulgaris vulgaris","Beta vulgaris subsp. vulgaris"
"Brassicaeae",NA,"FR_ALL_500_ENI","Brassicaeae","Brassicaceae"
"Bryonia cretica subsp. dioica",NA,"FR_ALL_500_ENI","Bryonia cretica dioica","Bryonia dioica"
"Buglossoides purpurocaerulea",NA,"FR_ALL_500_ENI","Buglossoides purpurocaerulea","Aegonychon purpurocaeruleum"
"Cerastium fontanum subsp. vulgare",NA,"FR_ALL_500_ENI","Cerastium fontanum vulgare","Cerastium fontanum subsp. vulgare"
"Chaenorrhinum minus",NA,"FR_ALL_500_ENI","Chaenorrhinum minus","Chaenorhinum minus"
"Crepis vesicaria subsp. taraxacifolia",NA,"FR_ALL_500_ENI","Crepis vesicaria taraxacifolia","Crepis vesicaria subsp. taraxacifolia"
"Epilobium angustifolium",NA,"FR_ALL_500_ENI","Epilobium angustifolium","Chamaenerion angustifolium"
"Eruca sativa",NA,"FR_ALL_500_ENI","Eruca sativa","Eruca vesicaria"
"Galium aparine subsp. aparine",NA,"FR_ALL_500_ENI","Galium aparine aparine","Galium aparine"
"Gnaphalium antillanum",NA,"FR_ALL_500_ENI","Gnaphalium antillanum","Gamochaeta antillana"
"Hymenocarpos circinnatus",NA,"FR_ALL_500_ENI","Hymenocarpos circinnatus","Anthyllis circinnata"
"Inula conyza",NA,"FR_ALL_500_ENI","Inula conyza","Inula conyzae"
"Lathyrus oleraceus",NA,"FR_ALL_500_ENI","Lathyrus oleraceus","Pisum sativum"
"Linum usitatissimum subsp. angustifolium",NA,"FR_ALL_500_ENI","Linum usitatissimum angustifolium","Linum usitatissimum subsp. angustifolium"
"Minuartia hybrida",NA,"FR_ALL_500_ENI","Minuartia hybrida","Sabulina tenuifolia"
NA,NA,"FR_ALL_500_ENI",NA,NA
"Oxalis fontana",NA,"FR_ALL_500_ENI","Oxalis fontana","Oxalis stricta"
"Parentucellia viscosa",NA,"FR_ALL_500_ENI","Parentucellia viscosa","Bellardia viscosa"
"Piptatherum miliaceum",NA,"FR_ALL_500_ENI","Piptatherum miliaceum","Oloptum miliaceum"
"Setaria italica subsp. italica",NA,"FR_ALL_500_ENI","Setaria italica italica","Setaria italica subsp. italica"
"Setaria italica subsp. viridis",NA,"FR_ALL_500_ENI","Setaria italica viridis","Setaria italica subsp. viridis"
"Silene flos-cuculi",NA,"FR_ALL_500_ENI","Silene flos-cuculi","Lychnis flos-cuculi"
"Spergula rubra",NA,"FR_ALL_500_ENI","Spergula rubra","Spergularia rubra"
"Stellaria holostea",NA,"FR_ALL_500_ENI","Stellaria holostea","Rabelera holostea"
"Trigonella alba",NA,"FR_ALL_500_ENI","Trigonella alba","Melilotus albus"
"Trigonella officinalis",NA,"FR_ALL_500_ENI","Trigonella officinalis","Melilotus officinalis"
"x Conyzerigeron",NA,"FR_ALL_500_ENI","x Conyzerigeron","Erigeron"
"Agrostis stolonifera var. stolonifera L., 1753","142987","FR_VIN_ALPES","Agrostis stolonifera stolonifera","Agrostis stolonifera var. stolonifera"
"Anthyllis vulneraria subsp. vulneraria L., 1753","131493","FR_VIN_ALPES","Anthyllis vulneraria vulneraria","Anthyllis vulneraria subsp. vulneraria"
"Arrhenatherum elatius subsp. elatius (L.) P.Beauv. ex J.Presl & C.Presl, 1819","131693","FR_VIN_ALPES","Arrhenatherum elatius elatius","Arrhenatherum elatius subsp. elatius"
"Asparagus officinalis subsp. officinalis L., 1753","131756","FR_VIN_ALPES","Asparagus officinalis officinalis","Asparagus officinalis"
"Avena sativa subsp. sativa L., 1753","132016","FR_VIN_ALPES","Avena sativa sativa","Avena sativa subsp. sativa"
"Blackstonia perfoliata subsp. perfoliata (L.) Huds., 1762","132169","FR_VIN_ALPES","Blackstonia perfoliata perfoliata","Blackstonia perfoliata subsp. perfoliata"
"Brassica napus var. napus L., 1753","132199","FR_VIN_ALPES","Brassica napus napus","Brassica napus var. napus"
"Bromus hordeaceus subsp. hordeaceus L., 1753","132258","FR_VIN_ALPES","Bromus hordeaceus hordeaceus","Bromus hordeaceus subsp. hordeaceus"
"Bryonia dioica subsp. dioica Jacq., 1774","1005963","FR_VIN_ALPES","Bryonia dioica dioica","Bryonia dioica subsp. dioica"
"Centaurium erythraea subsp. erythraea Rafn, 1800","133028","FR_VIN_ALPES","Centaurium erythraea erythraea","Centaurium erythraea subsp. erythraea"
"Cerastium brachypetalum subsp. brachypetalum Pers., 1805","133089","FR_VIN_ALPES","Cerastium brachypetalum brachypetalum","Cerastium brachypetalum subsp. brachypetalum"
"Cerastium fontanum subsp. vulgare (Hartm.) Greuter & Burdet, 1982","133108","FR_VIN_ALPES","Cerastium fontanum vulgare","Cerastium fontanum subsp. vulgare"
"Chenopodium album subsp. album L., 1753","133219","FR_VIN_ALPES","Chenopodium album album","Chenopodium album subsp. album"
"Cirsium vulgare subsp. vulgare (Savi) Ten., 1838","133346","FR_VIN_ALPES","Cirsium vulgare vulgare","Cirsium vulgare subsp. vulgare"
"Cornus sanguinea subsp. sanguinea L., 1753","133432","FR_VIN_ALPES","Cornus sanguinea sanguinea","Cornus sanguinea subsp. sanguinea"
"Daucus carota subsp. carota L., 1753","133731","FR_VIN_ALPES","Daucus carota carota","Daucus carota subsp. carota"
"Dianthus carthusianorum subsp. carthusianorum L., 1753","133823","FR_VIN_ALPES","Dianthus carthusianorum carthusianorum","Dianthus carthusianorum subsp. carthusianorum"
"Elytrigia intermedia subsp. intermedia (Host) Nevski, 1933","134082","FR_VIN_ALPES","Elytrigia intermedia intermedia","Elytrigia intermedia subsp. intermedia"
"Erigeron canadensis x Erigeron sumatrensis","611693","FR_VIN_ALPES","Erigeron canadensis x sumatrensis","Erigeron canadensis x Erigeron sumatrensis"
"Erodium cicutarium subsp. cicutarium (L.) L'Hér., 1789","134238","FR_VIN_ALPES","Erodium cicutarium cicutarium","Erodium cicutarium subsp. cicutarium"
"Helictochloa Romero Zarco, 2011","715576","FR_VIN_ALPES","Helictochloa romero","Helictochloa"
"Hordeum murinum subsp. murinum L., 1753","136673","FR_VIN_ALPES","Hordeum murinum murinum","Hordeum murinum subsp. murinum"
"Hordeum vulgare subsp. distichon (L.) Körn., 1882","718237","FR_VIN_ALPES","Hordeum vulgare distichon","Hordeum vulgare subsp. distichon"
"Legousia speculum-veneris subsp. speculum-veneris (L.) Chaix, 1785","997406","FR_VIN_ALPES","Legousia speculum-veneris speculum-veneris","Legousia speculum-veneris subsp. speculum-veneris"
"Leontodon hispidus subsp. hispidus L., 1753","137189","FR_VIN_ALPES","Leontodon hispidus hispidus","Leontodon hispidus subsp. hispidus"
"Lotus corniculatus subsp. corniculatus L., 1753","137440","FR_VIN_ALPES","Lotus corniculatus corniculatus","Lotus corniculatus subsp. corniculatus"
"Medicago sativa nothosubsp. media (Pers.) Schübl. & G.Martens, 1834","137671","FR_VIN_ALPES","Medicago sativa nothosubsp media","Medicago sativa nothosubsp. media"
"Medicago sativa subsp. falcata (L.) Arcang., 1882","137666","FR_VIN_ALPES","Medicago sativa falcata","Medicago sativa subsp. falcata"
"Medicago sativa subsp. sativa L., 1753","137673","FR_VIN_ALPES","Medicago sativa sativa","Medicago sativa subsp. sativa"
"Melica ciliata subsp. ciliata L., 1753","137719","FR_VIN_ALPES","Melica ciliata ciliata","Melica ciliata subsp. ciliata"
"Melissa officinalis subsp. officinalis L., 1753","137741","FR_VIN_ALPES","Melissa officinalis officinalis","Melissa officinalis subsp. officinalis"
"Ononis spinosa subsp. procurrens (Wallr.) Briq., 1913","138212","FR_VIN_ALPES","Ononis spinosa procurrens","Ononis spinosa subsp. procurrens"
"Origanum vulgare subsp. vulgare L., 1753","138444","FR_VIN_ALPES","Origanum vulgare vulgare","Origanum vulgare subsp. vulgare"
"Oxalis corniculata subsp. corniculata L., 1753","455754","FR_VIN_ALPES","Oxalis corniculata corniculata","Oxalis corniculata subsp. corniculata"
"Pimpinella saxifraga subsp. saxifraga L., 1753","138811","FR_VIN_ALPES","Pimpinella saxifraga saxifraga","Pimpinella saxifraga subsp. saxifraga"
"Plantago major subsp. major L., 1753","138901","FR_VIN_ALPES","Plantago major major","Plantago major subsp. major"
"Raphanus raphanistrum subsp. raphanistrum L., 1753","139841","FR_VIN_ALPES","Raphanus raphanistrum raphanistrum","Raphanus raphanistrum subsp. raphanistrum"
"Rubia peregrina subsp. peregrina L., 1753","140175","FR_VIN_ALPES","Rubia peregrina peregrina","Rubia peregrina"
"Rumex acetosa subsp. acetosa L., 1753","140321","FR_VIN_ALPES","Rumex acetosa acetosa","Rumex acetosa subsp. acetosa"
"Rumex crispus subsp. crispus L., 1753","1028176","FR_VIN_ALPES","Rumex crispus crispus","Rumex crispus subsp. crispus"
"Sabulina tenuifolia subsp. laxa (Jord.) Garraud & J.-M.Tison, 2021","1000533","FR_VIN_ALPES","Sabulina tenuifolia laxa","Sabulina tenuifolia subsp. laxa"
"Saponaria ocymoides subsp. ocymoides L., 1753","140569","FR_VIN_ALPES","Saponaria ocymoides ocymoides","Saponaria ocymoides subsp. ocymoides"
"Schedonorus arundinaceus subsp. arundinaceus (Schreb.) Dumort., 1824","718405","FR_VIN_ALPES","Schedonorus arundinaceus arundinaceus","Schedonorus arundinaceus subsp. arundinaceus"
"Schedonorus pratensis subsp. pratensis (Huds.) P.Beauv., 1812","718406","FR_VIN_ALPES","Schedonorus pratensis pratensis","Schedonorus pratensis subsp. pratensis"
"Senecio vulgaris subsp. vulgaris L., 1753","140994","FR_VIN_ALPES","Senecio vulgaris vulgaris","Senecio vulgaris subsp. vulgaris"
"Silene nutans subsp. nutans L., 1753","141182","FR_VIN_ALPES","Silene nutans nutans","Silene nutans subsp. nutans"
"Sonchus asper subsp. asper (L.) Hill, 1769","141304","FR_VIN_ALPES","Sonchus asper asper","Sonchus asper subsp. asper"
"Torilis arvensis subsp. arvensis (Huds.) Link, 1821","141793","FR_VIN_ALPES","Torilis arvensis arvensis","Torilis arvensis subsp. arvensis"
"Torilis nodosa subsp. nodosa (L.) Gaertn., 1788","141803","FR_VIN_ALPES","Torilis nodosa nodosa","Torilis nodosa subsp. nodosa"
"Trifolium scabrum subsp. scabrum L., 1753","141911","FR_VIN_ALPES","Trifolium scabrum scabrum","Trifolium scabrum subsp. scabrum"
"Trisetum flavescens subsp. flavescens (L.) P.Beauv., 1812","141949","FR_VIN_ALPES","Trisetum flavescens flavescens","Trisetum flavescens subsp. flavescens"
"Brassica napus subsp. oleifera",NA,"UK_ANN_Boundary_Margin_Verge","Brassica napus oleifera","Brassica napus var. napus"
"Bromus sterilis",NA,"UK_ANN_Boundary_Margin_Verge","Bromus sterilis","Anisantha sterilis"
"Calystegia sepium",NA,"UK_ANN_Boundary_Margin_Verge","Calystegia sepium","Convolvulus sepium"
"Chenopodium opulifolium",NA,"UK_ANN_Boundary_Margin_Verge","Chenopodium opulifolium","Chenopodium album subsp. opulifolium"
"Elymus repens",NA,"UK_ANN_Boundary_Margin_Verge","Elymus repens","Elytrigia repens"
"Erigeron acer",NA,"UK_ANN_Boundary_Margin_Verge","Erigeron acer","Erigeron acris"
"Fallopia japonica",NA,"UK_ANN_Boundary_Margin_Verge","Fallopia japonica","Reynoutria japonica"
"Lolium arundinaceum",NA,"UK_ANN_Boundary_Margin_Verge","Lolium arundinaceum","Schedonorus arundinaceus"
"Lolium giganteum",NA,"UK_ANN_Boundary_Margin_Verge","Lolium giganteum","Schedonorus giganteus"
"Ranunculus ficaria",NA,"UK_ANN_Boundary_Margin_Verge","Ranunculus ficaria","Ficaria ambigua"
"Hordeum distichon s.l.",NA,"UK_ANN_Boundary_Margin_Verge","Hordeum distichon","Hordeum vulgare subsp. distichon"
"Meconopsis cambrica",NA,"UK_ANN_Boundary_Margin_Verge","Meconopsis cambrica","Papaver cambricum"
"Papaver hybridum",NA,"UK_ANN_Boundary_Margin_Verge","Papaver hybridum","Roemeria hispida"
"Argentina anserina subsp. anserina",NA,"UK_ANN_Boundary_Margin_Verge","Argentina anserina anserina","Argentina anserina subsp. anserina"
"Raphanus raphanistrum subsp. raphanistrum",NA,"UK_ANN_Boundary_Margin_Verge","Raphanus raphanistrum raphanistrum","Raphanus raphanistrum subsp. raphanistrum"
"Rorippa nasturtium-aquaticum",NA,"UK_ANN_Boundary_Margin_Verge","Rorippa nasturtium-aquaticum","Nasturtium officinale"
"Leontodon autumnalis",NA,"UK_ANN_Boundary_Margin_Verge","Leontodon autumnalis","Scorzoneroides autumnalis"
"Senecio jacobaea",NA,"UK_ANN_Boundary_Margin_Verge","Senecio jacobaea","Jacobaea vulgaris"
"Stachys officinalis",NA,"UK_ANN_Boundary_Margin_Verge","Stachys officinalis","Betonica officinalis"
"Stellaria holostea",NA,"UK_ANN_Boundary_Margin_Verge","Stellaria holostea","Rabelera holostea"
"Symphytum orientale",NA,"UK_ANN_Boundary_Margin_Verge","Symphytum orientale","Symphytum kurdicum"
"Ulmus procera",NA,"UK_ANN_Boundary_Margin_Verge","Ulmus procera","Ulmus minor"
"Vicia hirsuta",NA,"UK_ANN_Boundary_Margin_Verge","Vicia hirsuta","Ervilia hirsuta"
"Vicia sativa subsp. segetalis",NA,"UK_ANN_Boundary_Margin_Verge","Vicia sativa segetalis","Vicia segetalis"
"Vicia tetrasperma",NA,"UK_ANN_Boundary_Margin_Verge","Vicia tetrasperma","Ervum tetraspermum"
"Elymus repens","AGRRE","BE_ANN_EXPLORE","Elymus repens","Elytrigia repens"
"Polygonum convolvulus","POLCO","BE_ANN_EXPLORE","Polygonum convolvulus","Fallopia convolvulus"
"Buniun bulbocastanum","BUIBU","BE_ANN_EXPLORE","Buniun bulbocastanum","Bunium bulbocastanum"
"Minuartia hybrida","MTIHY","BE_ANN_EXPLORE","Minuartia hybrida","Sabulina tenuifolia"
"Vicia hirsuta","VICHI","BE_ANN_EXPLORE","Vicia hirsuta","Ervilia hirsuta"
"Vicia tetrasperma","VICTE","BE_ANN_EXPLORE","Vicia tetrasperma","Ervum tetraspermum"
"Daucus carotta","DAUCA","BE_ANN_EXPLORE","Daucus carotta","Daucus carota"
"Sonchus arvenses","SONAR","BE_ANN_EXPLORE","Sonchus arvenses","Sonchus arvensis"
"Potentilla anserina","PTLAN","BE_ANN_EXPLORE","Potentilla anserina","Argentina anserina"
"Lencanthemum vulgare","CHYLE","BE_ANN_EXPLORE","Lencanthemum vulgare","Leucanthemum vulgare"
"Triticum spelta","TRZSP","BE_ANN_EXPLORE","Triticum spelta","Triticum aestivum subsp. spelta"
"Clinopodium acinos","STIAC","BE_ANN_EXPLORE","Clinopodium acinos","Ziziphora acinos"
"Geranuim molle","GERMO","BE_ANN_EXPLORE","Geranuim molle","Geranium molle"
"Geleopsis tetrahit","GAETE","BE_ANN_EXPLORE","Geleopsis tetrahit","Galeopsis tetrahit"
"Lactuca murralis","MYLMU","BE_ANN_EXPLORE","Lactuca murralis","Lactuca muralis"
"Bromus sterilis","BROST","BE_ANN_EXPLORE","Bromus sterilis","Anisantha sterilis"
"Calystegia sepium","CAGSE","BE_ANN_EXPLORE","Calystegia sepium","Convolvulus sepium"
"Lolium pratense","FESPR","BE_ANN_EXPLORE","Lolium pratense","Lolium perenne"
"Festuca myuros","VLPMY","BE_ANN_EXPLORE","Festuca myuros","Vulpia alopecuros"
"Chamerion angustifolium","CHAAN","BE_ANN_EXPLORE","Chamerion angustifolium","Chamaenerion angustifolium"
"Lolium arundinaceum","FESAR","BE_ANN_EXPLORE","Lolium arundinaceum","Schedonorus arundinaceus"
"Hdrocotyle sibthorpioides","SCUNO","BE_ANN_EXPLORE","Hdrocotyle sibthorpioides","Hydrocotyle sibthorpioides"
"Cerastium holosteoides","CERVU","BE_ANN_EXPLORE","Cerastium holosteoides","Cerastium fontanum subsp. vulgare"
"Consolida regalis","CNSRE","BE_ANN_EXPLORE","Consolida regalis","Delphinium consolida"
"Lathyris tuberosus","LTHTU","BE_ANN_EXPLORE","Lathyris tuberosus","Lathyrus tuberosus"
